ResultID,Node2_x,Node2_y,MaxAxialForce,MaxStress,SumOfSxC,MaxSxC
1,0.125,-1.999,1.0916033161824172,1.0916033161824172,438.8820410205103,456.8381077352699
2,0.125,-1.997,1.0917791733363598,1.0917791733363598,438.5211817726589,456.49375842449706
3,0.125,-1.995,1.0919555311996796,1.0919555311996796,438.1604010025062,456.14951675560627
4,0.125,-1.993,1.0921323916540882,1.0921323916540882,437.799698946312,455.8053830390236
5,0.125,-1.991,1.0923097565900612,1.0923097565900612,437.4390758412858,455.4613575863664
6,0.125,-1.989,1.0924876279068827,1.0924876279068827,437.07853192559077,455.1174407104467
7,0.125,-1.987,1.0926660075126984,1.0926660075126984,436.7180674383493,454.773632725279
8,0.125,-1.985,1.092844897324563,1.092844897324563,436.35768261964745,454.42993394608504
9,0.125,-1.983,1.0930242992684887,1.0930242992684887,435.9973777105396,454.08634468929927
10,0.125,-1.981,1.0932042152794967,1.0932042152794967,435.63715295305394,453.7428652725754
11,0.125,-1.979,1.093384647301668,1.093384647301668,435.27700859019706,453.3994960147922
12,0.125,-1.977,1.093565597288191,1.093565597288191,434.9169448659585,453.0562372360589
13,0.125,-1.975,1.0937470672014151,1.0937470672014151,434.55696202531647,452.7130892577216
14,0.125,-1.973,1.0939290590129007,1.0939290590129007,434.19706031424226,452.3700524023692
15,0.125,-1.971,1.0941115747034713,1.0941115747034713,433.83723997970577,452.0271269938391
16,0.125,-1.969,1.0942946162632645,1.0942946162632645,433.47750126968015,451.6843133572235
17,0.125,-1.967,1.0944781856917847,1.0944781856917847,433.11784443314696,451.34161181887544
18,0.125,-1.965,1.0946622849979555,1.0946622849979555,432.7582697201017,450.9990227064148
19,0.125,-1.963,1.0948469162001733,1.0948469162001733,432.39877738155883,450.65654634873505
20,0.125,-1.961,1.095032081326359,1.095032081326359,432.0393676695563,450.31418307600813
21,0.125,-1.959,1.095217782414013,1.095217782414013,431.68004083716187,449.97193321969246
22,0.125,-1.957,1.0954040215102678,1.0954040215102678,431.32079713847736,449.62979711253723
23,0.125,-1.955,1.0955908006719435,1.0955908006719435,430.9616368286445,449.2877750885902
24,0.125,-1.953,1.0957781219656015,1.0957781219656015,430.6025601638504,448.9458674832038
25,0.125,-1.951,1.0959659874676007,1.0959659874676007,430.2435674013327,448.60407463304074
26,0.125,-1.949,1.0961543992641503,1.0961543992641503,429.8846587993843,448.2623968760811
27,0.125,-1.947,1.0963433594513683,1.0963433594513683,429.5258346173601,447.92083455162856
28,0.125,-1.945,1.0965328701353356,1.0965328701353356,429.16709511568115,447.5793880003167
29,0.125,-1.943,1.0967229334321544,1.0967229334321544,428.80844055584146,447.23805756411645
30,0.125,-1.941,1.0969135514680026,1.0969135514680026,428.44987120041213,446.896843586341
31,0.125,-1.939,1.0971047263791927,1.0971047263791927,428.0913873130479,446.55574641165407
32,0.125,-1.937,1.0972964603122288,1.0972964603122288,427.73298915849256,446.21476638607555
33,0.125,-1.935,1.0974887554238633,1.0974887554238633,427.374677002584,445.8739038569879
34,0.125,-1.933,1.0976816138811583,1.0976816138811583,427.0164511122607,445.5331591731445
35,0.125,-1.931,1.0978750378615412,1.0978750378615412,426.65831175556707,445.1925326846745
36,0.125,-1.929,1.0980690295528648,1.0980690295528648,426.3002592016588,444.8520247430905
37,0.125,-1.927,1.0982635911534682,1.0982635911534682,425.9422937208095,444.51163570129603
38,0.125,-1.925,1.0984587248722337,1.0984587248722337,425.58441558441564,444.1713659135907
39,0.125,-1.923,1.09865443292865,1.09865443292865,425.2266250650026,443.831215735679
40,0.125,-1.921,1.0988507175528701,1.0988507175528701,424.8689224362311,443.4911855246754
41,0.125,-1.919,1.0990475809857758,1.0990475809857758,424.5113079729026,443.15127563911375
42,0.125,-1.917,1.0992450254790356,1.0992450254790356,424.153781950965,442.81148643895176
43,0.125,-1.915,1.0994430532951691,1.0994430532951691,423.7963446475196,442.47181828557984
44,0.125,-1.913,1.0996416667076074,1.0996416667076074,423.438996340826,442.1322715418275
45,0.125,-1.911,1.0998408680007576,1.0998408680007576,423.08173731030877,441.7928465719705
46,0.125,-1.909,1.1000406594700651,1.1000406594700651,422.72456783656366,441.45354374173877
47,0.125,-1.907,1.1002410434220762,1.1002410434220762,422.36748820136347,441.1143634183225
48,0.125,-1.905,1.1004420221745033,1.1004420221745033,422.010498687664,440.7753059703803
49,0.125,-1.903,1.1006435980562896,1.1006435980562896,421.653599579611,440.4363717680468
50,0.125,-1.901,1.1008457734076729,1.1008457734076729,421.2967911625459,440.097561182939
51,0.125,-1.899,1.1010485505802503,1.1010485505802503,420.9400737230121,439.7588745881644
52,0.125,-1.897,1.1012519319370462,1.1012519319370462,420.5834475487612,439.4203123583285
53,0.125,-1.895,1.1014559198525755,1.1014559198525755,420.22691292875993,439.0818748695418
54,0.125,-1.893,1.1016605167129134,1.1016605167129134,419.87047015319604,438.7435624994285
55,0.125,-1.891,1.101865724915759,1.101865724915759,419.51411951348496,438.4053756271326
56,0.125,-1.889,1.102071546870506,1.102071546870506,419.1578613022763,438.06731463332676
57,0.125,-1.887,1.1022779849983082,1.1022779849983082,418.80169581346047,437.7293799002197
58,0.125,-1.885,1.102485041732149,1.102485041732149,418.44562334217505,437.39157181156355
59,0.125,-1.883,1.1026927195169098,1.1026927195169098,418.0896441848114,437.05389075266174
60,0.125,-1.881,1.1029010208094403,1.1029010208094403,417.73375863902186,436.71633711037776
61,0.125,-1.879,1.1031099480786268,1.1031099480786268,417.3779670037253,436.3789112731418
62,0.125,-1.877,1.103319503805464,1.103319503805464,417.0222695791157,436.04161363095966
63,0.125,-1.875,1.103529690483123,1.103529690483123,416.66666666666663,435.70444457541976
64,0.125,-1.873,1.1037405106170273,1.1037405106170273,416.31115856914045,435.3674044997023
65,0.125,-1.871,1.1039519667249194,1.1039519667249194,415.95574559059327,435.0304937985869
66,0.125,-1.869,1.1041640613369357,1.1041640613369357,415.6004280363832,434.69371286846024
67,0.125,-1.867,1.104376796995679,1.104376796995679,415.2452062131762,434.3570621073247
68,0.125,-1.865,1.1045901762562917,1.1045901762562917,414.89008042895443,434.0205419148073
69,0.125,-1.863,1.1048042016865278,1.1048042016865278,414.53505099302197,433.6841526921664
70,0.125,-1.861,1.1050188758668296,1.1050188758668296,414.18011821601294,433.3478948423014
71,0.125,-1.859,1.1052342013904,1.1052342013904,413.8252824098977,433.0117687697606
72,0.125,-1.857,1.1054501808632806,1.1054501808632806,413.47054388799137,432.6757748807501
73,0.125,-1.855,1.1056668169044235,1.1056668169044235,413.1159029649595,432.3399135831411
74,0.125,-1.853,1.1058841121457705,1.1058841121457705,412.7613599568267,432.00418528648004
75,0.125,-1.851,1.1061020692323296,1.1061020692323296,412.4069151809833,431.6685904019961
76,0.125,-1.849,1.10632069082225,1.10632069082225,412.05256895619254,431.33312934261033
77,0.125,-1.847,1.1065399795869035,1.1065399795869035,411.69832160259887,430.99780252294426
78,0.125,-1.845,1.1067599382109583,1.1067599382109583,411.34417344173437,430.66261035932826
79,0.125,-1.843,1.1069805693924635,1.1069805693924635,410.9901247965274,430.3275532698118
80,0.125,-1.841,1.1072018758429225,1.1072018758429225,410.6361759913091,429.9926316741703
81,0.125,-1.839,1.1074238602873772,1.1074238602873772,410.2823273518216,429.6578459939152
82,0.125,-1.837,1.1076465254644874,1.1076465254644874,409.9285792052259,429.32319665230347
83,0.125,-1.835,1.1078698741266106,1.1078698741266106,409.574931880109,428.9886840743453
84,0.125,-1.833,1.1080939090398856,1.1080939090398856,409.22138570649213,428.6543086868143
85,0.125,-1.831,1.1083186329843127,1.1083186329843127,408.8679410158382,428.3200709182558
86,0.125,-1.829,1.108544048753839,1.108544048753839,408.51459814106073,427.98597119899745
87,0.125,-1.827,1.1087701591564376,1.1087701591564376,408.1613574165298,427.6520099611564
88,0.125,-1.825,1.1089969670141975,1.1089969670141975,407.8082191780823,427.31818763865095
89,0.125,-1.823,1.1092244751634008,1.1092244751634008,407.455183763028,426.98450466720766
90,0.125,-1.821,1.1094526864546146,1.1094526864546146,407.10225151015914,426.6509614843729
91,0.125,-1.819,1.1096816037527735,1.1096816037527735,406.749422759758,426.31755852952125
92,0.125,-1.817,1.1099112299372647,1.1099112299372647,406.39669785360485,425.98429624386506
93,0.125,-1.815,1.1101415679020166,1.1101415679020166,406.0440771349862,425.6511750704639
94,0.125,-1.813,1.1103726205555864,1.1103726205555864,405.6915609487038,425.31819545423525
95,0.125,-1.811,1.1106043908212473,1.1106043908212473,405.3391496410824,424.9853578419632
96,0.125,-1.809,1.1108368816370777,1.1108368816370777,404.98684355997784,424.65266268230874
97,0.125,-1.807,1.1110700959560507,1.1110700959560507,404.634643054787,424.3201104258199
98,0.125,-1.805,1.1113040367461229,1.1113040367461229,404.2825484764543,423.9877015249409
99,0.125,-1.803,1.1115387069903266,1.1115387069903266,403.9305601774819,423.65543643402293
100,0.125,-1.801,1.111774109686861,1.111774109686861,403.57867851193794,423.32331560933414
101,0.125,-1.799,1.11201024784918,1.11201024784918,403.22690383546416,422.9913395090686
102,0.125,-1.797,1.1122471245060914,1.1122471245060914,402.8752365052865,422.6595085933584
103,0.125,-1.795,1.112484742701846,1.112484742701846,402.52367688022287,422.32782332428303
104,0.125,-1.793,1.11272310549623,1.11272310549623,402.1722253206916,421.9962841658786
105,0.125,-1.791,1.1129622159646635,1.1129622159646635,401.82088218872127,421.6648915841502
106,0.125,-1.789,1.1132020771982931,1.1132020771982931,401.4696478479598,421.33364604708146
107,0.125,-1.787,1.1134426923040879,1.1134426923040879,401.1185226636822,421.00254802464434
108,0.125,-1.785,1.1136840644049353,1.1136840644049353,400.76750700280104,420.6715979888108
109,0.125,-1.783,1.1139261966397416,1.1139261966397416,400.41660123387555,420.34079641356345
110,0.125,-1.781,1.1141690921635257,1.1141690921635257,400.0658057271197,420.01014377490566
111,0.125,-1.779,1.1144127541475184,1.1144127541475184,399.71512085441253,419.6796405508721
112,0.125,-1.777,1.114657185779265,1.114657185779265,399.3645469893079,419.3492872215411
113,0.125,-1.775,1.114902390262721,1.114902390262721,399.0140845070423,419.019084269044
114,0.125,-1.773,1.1151483708183556,1.1151483708183556,398.6637337845459,418.68903217757713
115,0.125,-1.771,1.115395130683251,1.115395130683251,398.3134952004517,418.35913143341236
116,0.125,-1.769,1.1156426731112064,1.1156426731112064,397.96336913510453,418.02938252490844
117,0.125,-1.767,1.1158910013728396,1.1158910013728396,397.6133559705715,417.69978594252245
118,0.125,-1.765,1.1161401187556914,1.1161401187556914,397.2634560906516,417.3703421788208
119,0.125,-1.763,1.1163900285643291,1.1163900285643291,396.9136698808849,417.0410517284908
120,0.125,-1.761,1.1166407341204507,1.1166407341204507,396.5639977285633,416.71191508835153
121,0.125,-1.759,1.116892238762994,1.116892238762994,396.2144400227402,416.38293275736646
122,0.125,-1.757,1.1171445458482403,1.1171445458482403,395.86499715424014,416.0541052366543
123,0.125,-1.755,1.1173976587499221,1.1173976587499221,395.5156695156695,415.72543302950083
124,0.125,-1.753,1.1176515808593317,1.1176515808593317,395.1664575014262,415.3969166413704
125,0.125,-1.751,1.1179063155854292,1.1179063155854292,394.8173615077098,415.06855657991787
126,0.125,-1.749,1.1181618663549546,1.1181618663549546,394.4683819325329,414.7403533550014
127,0.125,-1.747,1.1184182366125355,1.1184182366125355,394.11951917572975,414.4123074786928
128,0.125,-1.745,1.1186754298208,1.1186754298208,393.77077363896854,414.0844194652914
129,0.125,-1.743,1.1189334494604866,1.1189334494604866,393.42214572576023,413.7566898313341
130,0.125,-1.741,1.11919229903056,1.11919229903056,393.0736358414704,413.4291190956096
131,0.125,-1.739,1.1194519820483235,1.1194519820483235,392.7252443933295,413.1017077791698
132,0.125,-1.737,1.1197125020495324,1.1197125020495324,392.37697179044335,412.7744564053419
133,0.125,-1.735,1.1199738625885112,1.1199738625885112,392.0288184438041,412.44736549974147
134,0.125,-1.733,1.1202360672382676,1.1202360672382676,391.6807847663012,412.1204355902846
135,0.125,-1.731,1.1204991195906127,1.1204991195906127,391.33287117273255,411.7936672072008
136,0.125,-1.729,1.1207630232562749,1.1207630232562749,390.9850780798149,411.4670608830454
137,0.125,-1.727,1.1210277818650225,1.1210277818650225,390.6374059061958,411.14061715271305
138,0.125,-1.725,1.1212933990657798,1.1212933990657798,390.28985507246387,410.8143365534492
139,0.125,-1.723,1.1215598785267495,1.1215598785267495,389.9424260011607,410.4882196248645
140,0.125,-1.721,1.1218272239355351,1.1218272239355351,389.59511911679255,410.1622669089477
141,0.125,-1.719,1.12209543899926,1.12209543899926,389.2479348458406,409.8364789500776
142,0.125,-1.717,1.1223645274446934,1.1223645274446934,388.9008736167734,409.5108562950379
143,0.125,-1.715,1.1226344930183727,1.1226344930183727,388.55393586005835,409.18539949302897
144,0.125,-1.713,1.1229053394867294,1.1229053394867294,388.2071220081728,408.86010909568273
145,0.125,-1.711,1.1231770706362143,1.1231770706362143,387.8604324956167,408.5349856570748
146,0.125,-1.709,1.1234496902734241,1.1234496902734241,387.5138677589234,408.21002973373913
147,0.125,-1.707,1.1237232022252308,1.1237232022252308,387.16742823667255,407.88524188468136
148,0.125,-1.705,1.123997610338907,1.123997610338907,386.8211143695014,407.56062267139197
149,0.125,-1.703,1.1242729184822604,1.1242729184822604,386.4749266001175,407.2361726578615
150,0.125,-1.701,1.1245491305437585,1.1245491305437585,386.12886537330985,406.9118924105931
151,0.125,-1.699,1.1248262504326645,1.1248262504326645,385.78293113596226,406.5877824986172
152,0.125,-1.697,1.1251042820791688,1.1251042820791688,385.43712433706537,406.26384349350604
153,0.125,-1.695,1.1253832294345214,1.1253832294345214,385.0914454277287,405.94007596938746
154,0.125,-1.693,1.1256630964711662,1.1256630964711662,384.74589486119316,405.61648050295884
155,0.125,-1.691,1.1259438871828789,1.1259438871828789,384.4004730928444,405.29305767350246
156,0.125,-1.689,1.126225605584901,1.126225605584901,384.05518058022506,404.9698080628998
157,0.125,-1.687,1.1265082557140773,1.1265082557140773,383.71001778304685,404.6467322556454
158,0.125,-1.685,1.126791841628997,1.126791841628997,383.36498516320495,404.3238308388628
159,0.125,-1.683,1.1270763674101283,1.1270763674101283,383.0200831847891,404.0011044023178
160,0.125,-1.681,1.1273618371599654,1.1273618371599654,382.67531231409885,403.6785535384356
161,0.125,-1.679,1.1276482550031646,1.1276482550031646,382.3306730196545,403.35617884231374
162,0.125,-1.677,1.1279356250866899,1.1279356250866899,381.9861657722123,403.0339809117383
163,0.125,-1.675,1.1282239515799557,1.1282239515799557,381.64179104477614,402.7119603471993
164,0.125,-1.673,1.1285132386749714,1.1285132386749714,381.29754931261215,402.3901177519051
165,0.125,-1.671,1.1288034905864885,1.1288034905864885,380.9534410532615,402.06845373179885
166,0.125,-1.669,1.1290947115521466,1.1290947115521466,380.6094667465548,401.7469688955737
167,0.125,-1.667,1.1293869058326211,1.1293869058326211,380.265626874625,401.4256638546882
168,0.125,-1.665,1.129680077711774,1.129680077711774,379.92192192192186,401.1045392233828
169,0.125,-1.663,1.129974231496802,1.129974231496802,379.57835237522545,400.78359561869456
170,0.125,-1.661,1.130269371518391,1.130269371518391,379.2349187236605,400.4628336604747
171,0.125,-1.659,1.1305655021308645,1.1305655021308645,378.89162145871,400.1422539714031
172,0.125,-1.657,1.1308626277123417,1.1308626277123417,378.5484610742305,399.82185717700577
173,0.125,-1.655,1.1311607526648904,1.1311607526648904,378.2054380664652,399.50164390567056
174,0.125,-1.653,1.1314598814146821,1.1314598814146821,377.8625529340593,399.18161478866386
175,0.125,-1.651,1.1317600184121508,1.1317600184121508,377.51980617807396,398.86177046014683
176,0.125,-1.649,1.132061168132151,1.132061168132151,377.1771983020012,398.5421115571925
177,0.125,-1.647,1.1323633350741178,1.1323633350741178,376.8347298117791,398.2226387198025
178,0.125,-1.645,1.1326665237622267,1.1326665237622267,376.49240121580544,397.9033525909234
179,0.125,-1.643,1.132970738745557,1.132970738745557,376.1502130249544,397.58425381646487
180,0.125,-1.641,1.1332759845982543,1.1332759845982543,375.8081657525899,397.26534304531566
181,0.125,-1.639,1.1335822659196944,1.1335822659196944,375.466259914582,396.9466209293613
182,0.125,-1.637,1.1338895873346515,1.1338895873346515,375.12449602932185,396.62808812350204
183,0.125,-1.635,1.1341979534934632,1.1341979534934632,374.78287461773704,396.30974528566935
184,0.125,-1.633,1.1345073690721987,1.1345073690721987,374.4413962033068,395.9915930768444
185,0.125,-1.631,1.1348178387728305,1.1348178387728305,374.1000613120785,395.6736321610756
186,0.125,-1.629,1.1351293673234037,1.1351293673234037,373.7588704726826,395.35586320549606
187,0.125,-1.627,1.135441959478208,1.135441959478208,373.4178242163491,395.038286880342
188,0.125,-1.625,1.1357556200179537,1.1357556200179537,373.0769230769231,394.7209038589713
189,0.125,-1.623,1.1360703537499437,1.1360703537499437,372.7361675908811,394.4037148178808
190,0.125,-1.621,1.1363861655082519,1.1363861655082519,372.3955582973475,394.08672043672567
191,0.125,-1.619,1.1367030601538974,1.1367030601538974,372.0550957381099,393.76992139833624
192,0.125,-1.617,1.1370210425750304,1.1370210425750304,371.7147804576375,393.4533183887397
193,0.125,-1.615,1.1373401176871063,1.1373401176871063,371.37461300309604,393.13691209717615
194,0.125,-1.613,1.1376602904330682,1.1376602904330682,371.0345939243646,392.8207032161181
195,0.125,-1.611,1.1379815657835337,1.1379815657835337,370.6947237740534,392.50469244129084
196,0.125,-1.609,1.1383039487369757,1.1383039487369757,370.35500310752013,392.18888047168974
197,0.125,-1.607,1.138627444319911,1.138627444319911,370.01543248288743,391.8732680096013
198,0.125,-1.605,1.138952057587086,1.138952057587086,369.67601246105914,391.5578557606214
199,0.125,-1.603,1.139277793621667,1.139277793621667,369.33674360573923,391.2426444336757
200,0.125,-1.601,1.1396046575354302,1.1396046575354302,368.9976264834478,390.92763474103896
201,0.125,-1.599,1.1399326544689528,1.1399326544689528,368.6586616635396,390.61282739835497
202,0.125,-1.597,1.1402617895918084,1.1402617895918084,368.31984971822163,390.29822312465694
203,0.125,-1.595,1.1405920681027588,1.1405920681027588,367.9811912225705,389.98382264238717
204,0.125,-1.593,1.1409234952299538,1.1409234952299538,367.64268675455116,389.66962667741774
205,0.125,-1.591,1.141256076231127,1.141256076231127,367.30433689503457,389.3556359590709
206,0.125,-1.589,1.1415898163937959,1.1415898163937959,366.96614222781625,389.04185122013985
207,0.125,-1.587,1.1419247210354633,1.1419247210354633,366.6281033396345,388.728273196909
208,0.125,-1.585,1.1422607955038198,1.1422607955038198,366.29022082018935,388.41490262917574
209,0.125,-1.583,1.142598045176947,1.142598045176947,365.9524952621604,388.1017402602705
210,0.125,-1.581,1.142936475463526,1.142936475463526,365.614927261227,387.788786837079
211,0.125,-1.579,1.1432760918030422,1.1432760918030422,365.2775174160861,387.476043110063
212,0.125,-1.577,1.1436168996659952,1.1436168996659952,364.9402663284717,387.16350983328175
213,0.125,-1.575,1.1439589045541108,1.1439589045541108,364.60317460317447,386.85118776441436
214,0.125,-1.573,1.1443021120005523,1.1443021120005523,364.266242848061,386.5390776647812
215,0.125,-1.571,1.1446465275701332,1.1446465275701332,363.92947167409284,386.22718029936533
216,0.125,-1.569,1.1449921568595376,1.1449921568595376,363.5928616953473,385.91549643683646
217,0.125,-1.567,1.1453390054975316,1.1453390054975316,363.2564135290363,385.6040268495711
218,0.125,-1.565,1.1456870791451885,1.1456870791451885,362.92012779552704,385.2927723136767
219,0.125,-1.563,1.1460363834961051,1.1460363834961051,362.5840051183621,384.9817336090137
220,0.125,-1.561,1.1463869242766274,1.1463869242766274,362.2480461242792,384.6709115192182
221,0.125,-1.559,1.1467387072460737,1.1467387072460737,361.91225144323283,384.3603068317255
222,0.125,-1.557,1.1470917381969614,1.1470917381969614,361.57662170841365,384.0499203377926
223,0.125,-1.555,1.147446022955235,1.147446022955235,361.2411575562701,383.7397528325223
224,0.125,-1.553,1.1478015673804964,1.1478015673804964,360.90585962652926,383.4298051148861
225,0.125,-1.551,1.1481583773662372,1.1481583773662372,360.5707285622179,383.1200779877487
226,0.125,-1.549,1.1485164588400698,1.1485164588400698,360.23576500968363,382.8105722578906
227,0.125,-1.547,1.1488758177639653,1.1488758177639653,359.9009696186166,382.501288736033
228,0.125,-1.545,1.149236460134492,1.149236460134492,359.56634304207125,382.1922282368626
229,0.125,-1.543,1.149598391983051,1.149598391983051,359.2318859364873,381.8833915790547
230,0.125,-1.541,1.1499616193761206,1.1499616193761206,358.8975989617132,381.5747795852987
231,0.125,-1.539,1.1503261484154983,1.1503261484154983,358.5634827810267,381.2663930823226
232,0.125,-1.537,1.1506919852385458,1.1506919852385458,358.2295380611582,380.95823290091806
233,0.125,-1.535,1.1510591360184357,1.1510591360184357,357.89576547231263,380.65029987596495
234,0.125,-1.533,1.1514276069644032,1.1514276069644032,357.562165688193,380.3425948464581
235,0.125,-1.531,1.1517974043219952,1.1517974043219952,357.2287393860222,380.03511865553185
236,0.125,-1.529,1.1521685343733212,1.1521685343733212,356.8954872465663,379.7278721504849
237,0.125,-1.527,1.1525410034373142,1.1525410034373142,356.5624099541584,379.4208561828087
238,0.125,-1.525,1.1529148178699828,1.1529148178699828,356.2295081967212,379.1140716082108
239,0.125,-1.523,1.1532899840646742,1.1532899840646742,355.89678266579125,378.80751928664336
240,0.125,-1.521,1.1536665084523323,1.1536665084523323,355.56423405654175,378.5012000823282
241,0.125,-1.519,1.154044397501765,1.154044397501765,355.2318630678078,378.1951148637844
242,0.125,-1.517,1.1544236577199072,1.1544236577199072,354.8996704021094,377.88926450385486
243,0.125,-1.515,1.1548042956520908,1.1548042956520908,354.5676567656766,377.58364987973346
244,0.125,-1.513,1.155186317882313,1.155186317882313,354.2358228684731,377.2782718729921
245,0.125,-1.511,1.1555697310335105,1.1555697310335105,353.9041694242224,376.9731313696094
246,0.125,-1.509,1.1559545417678323,1.1559545417678323,353.5726971504308,376.6682292599966
247,0.125,-1.507,1.1563407567869177,1.1563407567869177,353.2414067684141,376.36356643902695
248,0.125,-1.505,1.1567283828321755,1.1567283828321755,352.91029900332217,376.05914380606345
249,0.125,-1.503,1.1571174266850655,1.1571174266850655,352.57937458416495,375.7549622649874
250,0.125,-1.501,1.157507895167381,1.157507895167381,352.24863424383733,375.4510227242264
251,0.125,-1.499,1.157899795141537,1.157899795141537,351.91807871914614,375.1473260967843
252,0.125,-1.497,1.1582931335108562,1.1582931335108562,351.58770875083496,374.8438733002687
253,0.125,-1.495,1.158687917219862,1.158687917219862,351.257525083612,374.54066525692195
254,0.125,-1.493,1.1590841532545717,1.1590841532545717,350.9275284661755,374.23770289364967
255,0.125,-1.491,1.1594818486427885,1.1594818486427885,350.5977196512407,373.93498714205
256,0.125,-1.489,1.1598810104544062,1.1598810104544062,350.2680993955675,373.63251893844495
257,0.125,-1.487,1.1602816458017031,1.1602816458017031,349.9386684599865,373.3302992239093
258,0.125,-1.485,1.1606837618396506,1.1606837618396506,349.6094276094276,373.0283289443022
259,0.125,-1.483,1.1610873657662149,1.1610873657662149,349.28037761294684,372.7266090502966
260,0.125,-1.481,1.1614924648226659,1.1614924648226659,348.9515192437542,372.4251404974106
261,0.125,-1.479,1.1618990662938917,1.1618990662938917,348.6228532792428,372.12392424603973
262,0.125,-1.477,1.1623071775087062,1.1623071775087062,348.29438050101567,371.82296126148657
263,0.125,-1.475,1.162716805840169,1.162716805840169,347.9661016949152,371.5222525139931
264,0.125,-1.473,1.1631279587059034,1.1631279587059034,347.63801765105234,371.2217989787735
265,0.125,-1.471,1.1635406435684164,1.1635406435684164,347.3101291638342,370.92160163604456
266,0.125,-1.469,1.1639548679354237,1.1639548679354237,346.9824370319946,370.62166147105927
267,0.125,-1.467,1.1643706393601763,1.1643706393601763,346.6549420586231,370.3219794741393
268,0.125,-1.465,1.16478796544179,1.16478796544179,346.3276450511945,370.02255664070753
269,0.125,-1.463,1.1652068538255778,1.1652068538255778,346.0005468215994,369.72339397132174
270,0.125,-1.461,1.1656273122033842,1.1656273122033842,345.67364818617386,369.4244924717073
271,0.125,-1.459,1.166049348313924,1.166049348313924,345.34694996573,369.1258531527917
272,0.125,-1.457,1.166472969943122,1.166472969943122,345.02045298558676,368.8274770307375
273,0.125,-1.455,1.1668981849244586,1.1668981849244586,344.69415807560154,368.52936512697795
274,0.125,-1.453,1.167325001139313,1.167325001139313,344.3680660701996,368.2315184682497
275,0.125,-1.451,1.1677534265173168,1.1677534265173168,344.0421778084079,367.93393808662944
276,0.125,-1.449,1.1681834690367028,1.1681834690367028,343.71649413388536,367.6366250195675
277,0.125,-1.447,1.1686151367246636,1.1686151367246636,343.3910158949551,367.339580309924
278,0.125,-1.445,1.1690484376577057,1.1690484376577057,343.0657439446366,367.04280500600356
279,0.125,-1.443,1.1694833799620172,1.1694833799620172,342.74067914067916,366.74630016159267
280,0.125,-1.441,1.169919971813827,1.169919971813827,342.41582234559337,366.4500668359946
281,0.125,-1.439,1.170358221439774,1.170358221439774,342.09117442668526,366.154106094066
282,0.125,-1.437,1.1707981371172809,1.1707981371172809,341.7667362560892,365.85841900625445
283,0.125,-1.435,1.1712397271749242,1.1712397271749242,341.44250871080146,365.5630066486348
284,0.125,-1.433,1.1716829999928131,1.1716829999928131,341.11849267271464,365.26787010294646
285,0.125,-1.431,1.1721279640029718,1.1721279640029718,340.79468902865136,364.9730104566319
286,0.125,-1.429,1.1725746276897198,1.1725746276897198,340.47109867039876,364.67842880287355
287,0.125,-1.427,1.1730229995900627,1.1730229995900627,340.14772249474413,364.38412624063324
288,0.125,-1.425,1.1734730882940805,1.1734730882940805,339.8245614035088,364.09010387468976
289,0.125,-1.423,1.1739249024453193,1.1739249024453193,339.5016163035839,363.7963628156775
290,0.125,-1.421,1.1743784507411945,1.1743784507411945,339.17888810696684,363.5029041801276
291,0.125,-1.419,1.1748337419333867,1.1748337419333867,338.85637773079634,363.2097290905053
292,0.125,-1.417,1.1752907848282463,1.1752907848282463,338.5340860973888,362.9168386752507
293,0.125,-1.415,1.175749588287203,1.175749588287203,338.2120141342757,362.6242340688195
294,0.125,-1.413,1.1762101612271754,1.1762101612271754,337.8901627742392,362.3319164117224
295,0.125,-1.411,1.1766725126209872,1.1766725126209872,337.56853295535075,362.0398868505668
296,0.125,-1.409,1.1771366514977846,1.1771366514977846,337.24712562100797,361.7481465380979
297,0.125,-1.407,1.1776025869434568,1.1776025869434568,336.92594171997155,361.45669663323895
298,0.125,-1.405,1.1780703281010665,1.1780703281010665,336.6049822064058,361.1655383011357
299,0.125,-1.403,1.1785398841712738,1.1785398841712738,336.2842480399145,360.8746727131958
300,0.125,-1.401,1.179011264412773,1.179011264412773,335.96374018558174,360.58410104713323
301,0.125,-1.399,1.1794844781427294,1.1794844781427294,335.64345961401,360.2938244870107
302,0.125,-1.397,1.1799595347372178,1.1799595347372178,335.3234073013601,360.00384422328244
303,0.125,-1.395,1.1804364436316699,1.1804364436316699,335.00358422939075,359.7141614528386
304,0.125,-1.393,1.1809152143213206,1.1809152143213206,334.683991385499,359.42477737904846
305,0.125,-1.391,1.181395856361663,1.181395856361663,334.36462976276056,359.1356932118053
306,0.125,-1.389,1.1818783793689038,1.1818783793689038,334.04550035997113,358.84691016757125
307,0.125,-1.387,1.182362793020424,1.182362793020424,333.7266041816871,358.558429469422
308,0.125,-1.385,1.1828491070552425,1.1828491070552425,333.407942238267,358.27025234709214
309,0.125,-1.383,1.1833373312744875,1.1833373312744875,333.0895155459147,357.98238003702176
310,0.125,-1.381,1.1838274755418672,1.1838274755418672,332.7713251267197,357.69481378240175
311,0.125,-1.379,1.1843195497841479,1.1843195497841479,332.4533720087019,357.40755483322107
312,0.125,-1.377,1.1848135639916366,1.1848135639916366,332.1356572258534,357.120604446314
313,0.125,-1.375,1.1853095282186636,1.1853095282186636,331.81818181818187,356.8339638854064
314,0.125,-1.373,1.1858074525840754,1.1858074525840754,331.5009468317552,356.5476344211645
315,0.125,-1.371,1.186307347271729,1.186307347271729,331.1839533187454,356.2616173312436
316,0.125,-1.369,1.186809222530989,1.186809222530989,330.8672023374726,355.9759139003351
317,0.125,-1.367,1.1873130886772323,1.1873130886772323,330.55069495245067,355.69052542021694
318,0.125,-1.365,1.1878189560923558,1.1878189560923558,330.23443223443223,355.40545318980236
319,0.125,-1.363,1.188326835225288,1.188326835225288,329.9184152604548,355.12069851519004
320,0.125,-1.361,1.1888367365925085,1.1888367365925085,329.60264511388675,354.8362627097147
321,0.125,-1.359,1.1893486707785654,1.1893486707785654,329.28712288447383,354.552147093997
322,0.125,-1.357,1.189862648436605,1.189862648436605,328.97184966838614,354.2683529959953
323,0.125,-1.355,1.1903786802889025,1.1903786802889025,328.6568265682656,353.98488175105734
324,0.125,-1.353,1.1908967771273975,1.1908967771273975,328.34205469327424,353.7017347019721
325,0.125,-1.351,1.1914169498142337,1.1914169498142337,328.0275351591414,353.4189131990223
326,0.125,-1.349,1.1919392092823067,1.1919392092823067,327.71326908821345,353.1364186000371
327,0.125,-1.347,1.1924635665358134,1.1924635665358134,327.3992576095027,352.85425227044635
328,0.125,-1.345,1.1929900326508074,1.1929900326508074,327.0855018587361,352.57241558333345
329,0.125,-1.343,1.1935186187757596,1.1935186187757596,326.7720029784067,352.2909099194901
330,0.125,-1.341,1.1940493361321254,1.1940493361321254,326.4587621178225,352.00973666747115
331,0.125,-1.339,1.194582196014915,1.194582196014915,326.1457804331591,351.7288972236503
332,0.125,-1.337,1.1951172097932687,1.1951172097932687,325.8330590875094,351.44839299227476
333,0.125,-1.335,1.1956543889110385,1.1956543889110385,325.52059925093624,351.16822538552253
334,0.125,-1.333,1.1961937448873765,1.1961937448873765,325.20840210052506,350.88839582355854
335,0.125,-1.331,1.1967352893173255,1.1967352893173255,324.89646882043576,350.60890573459244
336,0.125,-1.329,1.1972790338724169,1.1972790338724169,324.5848006019563,350.32975655493544
337,0.125,-1.327,1.1978249903012739,1.1978249903012739,324.2733986435569,350.0509497290596
338,0.125,-1.325,1.1983731704302203,1.1983731704302203,323.9622641509434,349.77248670965565
339,0.125,-1.323,1.1989235861638943,1.1989235861638943,323.6513983371126,349.49436895769276
340,0.125,-1.321,1.19947624948587,1.19947624948587,323.34080242240714,349.2165979424785
341,0.125,-1.319,1.2000311724592811,1.2000311724592811,323.03047763457164,348.9391751417186
342,0.125,-1.317,1.2005883672274527,1.2005883672274527,322.7204252088079,348.66210204157795
343,0.125,-1.315,1.2011478460145402,1.2011478460145402,322.4106463878327,348.3853801367425
344,0.125,-1.313,1.2017096211261704,1.2017096211261704,322.1011424219345,348.1090109304805
345,0.125,-1.311,1.202273704950092,1.202273704950092,321.79191456903123,347.832995934705
346,0.125,-1.309,1.2028401099568322,1.2028401099568322,321.4829640947288,347.55733667003784
347,0.125,-1.307,1.2034088487003543,1.2034088487003543,321.1742922723794,347.2820346658719
348,0.125,-1.305,1.2039799338187296,1.2039799338187296,320.8659003831417,347.00709146043636
349,0.125,-1.303,1.2045533780348077,1.2045533780348077,320.5577897160399,346.73250860086057
350,0.125,-1.301,1.2051291941568985,1.2051291941568985,320.2499615680246,346.4582876432399
351,0.125,-1.299,1.2057073950794586,1.2057073950794586,319.9424172440339,346.1844301527014
352,0.125,-1.297,1.2062879937837836,1.2062879937837836,319.6351580570547,345.91093770347055
353,0.125,-1.295,1.2068710033387084,1.2068710033387084,319.32818532818527,345.6378118789382
354,0.125,-1.293,1.2074564369013128,1.2074564369013128,319.0215003866976,345.365054271728
355,0.125,-1.291,1.2080443077176328,1.2080443077176328,318.71510457010066,345.0926664837649
356,0.125,-1.289,1.208634629123384,1.208634629123384,318.4089992242048,344.82065012634456
357,0.125,-1.287,1.2092274145446833,1.2092274145446833,318.1031857031857,344.5490068202018
358,0.125,-1.285,1.2098226774987835,1.2098226774987835,317.79766536964985,344.27773819558143
359,0.125,-1.283,1.2104204315948164,1.2104204315948164,317.49243959469993,344.0068458923096
360,0.125,-1.281,1.2110206905345358,1.2110206905345358,317.1875097580015,343.73633155986414
361,0.125,-1.279,1.2116234681130735,1.2116234681130735,316.8828772478498,343.46619685744747
362,0.125,-1.277,1.2122287782197012,1.2122287782197012,316.57854346123725,343.1964434540587
363,0.125,-1.275,1.212836634838597,1.212836634838597,316.27450980392155,342.92707302856763
364,0.125,-1.273,1.2134470520496252,1.2134470520496252,315.97077769049486,342.65808726978884
365,0.125,-1.271,1.214060044029116,1.214060044029116,315.66734854445315,342.38948787655596
366,0.125,-1.269,1.214675625050658,1.214675625050658,315.3642237982664,342.12127655779756
367,0.125,-1.267,1.2152938094858974,1.2152938094858974,315.0614048934491,341.8534550326132
368,0.125,-1.265,1.2159146118053425,1.2159146118053425,314.7588932806324,341.5860250303502
369,0.125,-1.263,1.2165380465791806,1.2165380465791806,314.45669041963583,341.3189882906815
370,0.125,-1.261,1.2171641284780947,1.2171641284780947,314.15479777954,341.05234656368316
371,0.125,-1.259,1.2177928722740998,1.2177928722740998,313.8532168387609,340.78610160991485
372,0.125,-1.257,1.2184242928413755,1.2184242928413755,313.55194908512334,340.52025520049807
373,0.125,-1.255,1.2190584051571134,1.2190584051571134,313.2509960159363,340.2548091171971
374,0.125,-1.253,1.219695224302371,1.219695224302371,312.9503591380686,339.98976515250075
375,0.125,-1.251,1.2203347654629375,1.2203347654629375,312.65003996802557,339.72512510970415
376,0.125,-1.249,1.2209770439301977,1.2209770439301977,312.3500400320256,339.460890802991
377,0.125,-1.247,1.2216220751020173,1.2216220751020173,312.05036086607845,339.19706405751737
378,0.125,-1.245,1.2222698744836284,1.2222698744836284,311.7510040160643,338.9336467094969
379,0.125,-1.243,1.2229204576885242,1.2229204576885242,311.45197103781175,338.670640606284
380,0.125,-1.241,1.2235738404393675,1.2235738404393675,311.15326349717964,338.4080476064616
381,0.125,-1.239,1.2242300385689031,1.2242300385689031,310.85488297013717,338.14586957992697
382,0.125,-1.237,1.2248890680208813,1.2248890680208813,310.5568310428456,337.8841084079798
383,0.125,-1.235,1.2255509448509883,1.2255509448509883,310.25910931174093,337.62276598340947
384,0.125,-1.233,1.2262156852277908,1.2262156852277908,309.96171938361715,337.3618442105856
385,0.125,-1.231,1.2268833054336834,1.2268833054336834,309.66466287571075,337.1013450055474
386,0.125,-1.229,1.2275538218658506,1.2275538218658506,309.36794141578514,336.84127029609465
387,0.125,-1.227,1.2282272510372354,1.2282272510372354,309.07155664221676,336.5816220218796
388,0.125,-1.225,1.2289036095775177,1.2289036095775177,308.77551020408157,336.3224021344991
389,0.125,-1.223,1.2295829142341055,1.2295829142341055,308.4798037612429,336.06361259758955
390,0.125,-1.221,1.2302651818731283,1.2302651818731283,308.184438984439,335.80525538691904
391,0.125,-1.219,1.2309504294804525,1.2309504294804525,307.8894175553732,335.54733249048513
392,0.125,-1.217,1.231638674162695,1.231638674162695,307.5947411668036,335.2898459086095
393,0.125,-1.215,1.232329933148253,1.232329933148253,307.30041152263374,335.0327976540358
394,0.125,-1.213,1.2330242237883424,1.2330242237883424,307.0064303380049,334.7761897520272
395,0.125,-1.211,1.2337215635580492,1.2337215635580492,306.7127993393889,334.5200242404663
396,0.125,-1.209,1.2344219700573877,1.2344219700573877,306.4195202646815,334.2643031699547
397,0.125,-1.207,1.2351254610123714,1.2351254610123714,306.1265948632975,334.0090286039137
398,0.125,-1.205,1.2358320542760928,1.2358320542760928,305.8340248962656,333.75420261868663
399,0.125,-1.203,1.2365417678298183,1.2365417678298183,305.54181213632586,333.49982730364206
400,0.125,-1.201,1.237254619784089,1.237254619784089,305.2499583680267,333.2459047612772
401,0.125,-1.199,1.2379706283798355,1.2379706283798355,304.95846538782314,332.99243710732316
402,0.125,-1.197,1.2386898119895058,1.2386898119895058,304.6673350041772,332.7394264708516
403,0.125,-1.195,1.2394121891181962,1.2394121891181962,304.37656903765685,332.48687499438006
404,0.125,-1.193,1.240137778404807,1.240137778404807,304.0861693210394,332.2347848339822
405,0.125,-1.191,1.2408665986231986,1.2408665986231986,303.7961376994122,331.9831581593956
406,0.125,-1.189,1.2415986686833627,1.2415986686833627,303.50647603027744,331.73199715413216
407,0.125,-1.187,1.2423340076326084,1.2423340076326084,303.2171861836562,331.48130401559
408,0.125,-1.185,1.2430726346567569,1.2430726346567569,302.92827004219413,331.2310809551653
409,0.125,-1.183,1.2438145690813498,1.2438145690813498,302.63972950126794,330.98133019836604
410,0.125,-1.181,1.2445598303728707,1.2445598303728707,302.351566469094,330.7320539849269
411,0.125,-1.179,1.2453084381399755,1.2453084381399755,302.0637828668363,330.48325456892485
412,0.125,-1.177,1.2460604121347418,1.2460604121347418,301.7763806287171,330.2349342188962
413,0.125,-1.175,1.2468157722539246,1.2468157722539246,301.4893617021277,329.98709521795496
414,0.125,-1.173,1.2475745385402277,1.2475745385402277,301.20272804774083,329.73973986391115
415,0.125,-1.171,1.2483367311835911,1.2483367311835911,300.9164816396243,329.4928704693932
416,0.125,-1.169,1.249102370522485,1.249102370522485,300.6306244653549,329.24648936196735
417,0.125,-1.167,1.2498714770452257,1.2498714770452257,300.3451585261355,329.0005988842633
418,0.125,-1.165,1.250644071391295,1.250644071391295,300.0600858369099,328.7552013940956
419,0.125,-1.163,1.2514201743526834,1.2514201743526834,299.7754084264832,328.510299264591
420,0.125,-1.161,1.2521998068752405,1.2521998068752405,299.4911283376399,328.2658948843148
421,0.125,-1.159,1.252982990060043,1.252982990060043,299.20724762726485,328.02199065739836
422,0.125,-1.157,1.253769745164774,1.253769745164774,298.92376836646497,327.77858900366874
423,0.125,-1.155,1.254560093605118,1.254560093605118,298.6406926406926,327.535692358779
424,0.125,-1.153,1.2553540569561747,1.2553540569561747,298.35802254986993,327.29330317434085
425,0.125,-1.151,1.256151656953879,1.256151656953879,298.0757602085143,327.05142391805725
426,0.125,-1.149,1.2569529154964432,1.2569529154964432,297.7939077458659,326.81005707385725
427,0.125,-1.147,1.2577578546458128,1.2577578546458128,297.51246730601565,326.56920514203244
428,0.125,-1.145,1.258566496629133,1.258566496629133,297.23144104803487,326.32887063937335
429,0.125,-1.143,1.2593788638402383,1.2593788638402383,296.9508311461067,326.08905609930963
430,0.125,-1.141,1.2601949788411517,1.2601949788411517,296.6706397896582,325.8497640720492
431,0.125,-1.139,1.2610148643636028,1.2610148643636028,296.39086918349426,325.61099712472054
432,0.125,-1.137,1.2618385433105617,1.2618385433105617,296.1115215479332,325.3727578415161
433,0.125,-1.135,1.2626660387577866,1.2626660387577866,295.83259911894265,325.1350488238361
434,0.125,-1.133,1.2634973739553934,1.2634973739553934,295.55410414827895,324.8978726904357
435,0.125,-1.131,1.2643325723294336,1.2643325723294336,295.27603890362514,324.6612320775717
436,0.125,-1.129,1.2651716574834997,1.2651716574834997,294.99840566873337,324.4251296391527
437,0.125,-1.127,1.2660146532003385,1.2660146532003385,294.721206743567,324.18956804688963
438,0.125,-1.125,1.2668615834434869,1.2668615834434869,294.4444444444445,323.9545499904479
439,0.125,-1.123,1.2677124723589208,1.2677124723589208,294.16812110418516,323.72007817760095
440,0.125,-1.121,1.2685673442767298,1.2685673442767298,293.892239072257,323.48615533438726
441,0.125,-1.119,1.2694262237127987,1.2694262237127987,293.616800714924,323.25278420526564
442,0.125,-1.117,1.2702891353705186,1.2702891353705186,293.3418084153984,323.01996755327605
443,0.125,-1.115,1.2711561041425066,1.2711561041425066,293.067264573991,322.7877081601987
444,0.125,-1.113,1.2720271551123514,1.2720271551123514,292.79317160826594,322.5560088267172
445,0.125,-1.111,1.2729023135563735,1.2729023135563735,292.5195319531953,322.32487237258164
446,0.125,-1.109,1.2737816049454072,1.2737816049454072,292.24634806131655,322.0943016367757
447,0.125,-1.107,1.2746650549465979,1.2746650549465979,291.97362240289067,321.8642994776823
448,0.125,-1.105,1.275552689425226,1.275552689425226,291.70135746606326,321.6348687732547
449,0.125,-1.103,1.276444534446545,1.276444534446545,291.4295557570264,321.40601242118674
450,0.125,-1.101,1.2773406162776375,1.2773406162776375,291.1582198001817,321.1777333390851
451,0.125,-1.099,1.2782409613893009,1.2782409613893009,290.88735213830756,320.9500344646453
452,0.125,-1.097,1.2791455964579437,1.2791455964579437,290.6169553327256,320.7229187558275
453,0.125,-1.095,1.280054548367512,1.280054548367512,290.3470319634703,320.4963891910358
454,0.125,-1.093,1.280967844211426,1.280967844211426,290.07758462946015,320.27044876929784
455,0.125,-1.091,1.2818855112945493,1.2818855112945493,289.8086159486709,320.0451005104479
456,0.125,-1.089,1.2828075771351717,1.2828075771351717,289.54012855831036,319.820347455311
457,0.125,-1.087,1.2837340694670196,1.2837340694670196,289.27212511499533,319.5961926658894
458,0.125,-1.085,1.2846650162412825,1.2846650162412825,289.00460829493085,319.372639225551
459,0.125,-1.083,1.2856004456286696,1.2856004456286696,288.7375807940905,319.1496902392198
460,0.125,-1.081,1.2865403860214837,1.2865403860214837,288.47104532839967,318.92734883356906
461,0.125,-1.079,1.2874848660357174,1.2874848660357174,288.2050046339203,318.7056181572146
462,0.125,-1.077,1.2884339145131793,1.2884339145131793,287.939461467038,318.4845013809132
463,0.125,-1.075,1.2893875605236387,1.2893875605236387,287.67441860465124,318.26400169776093
464,0.125,-1.073,1.29034583336699,1.29034583336699,287.4098788443615,318.0441223233934
465,0.125,-1.071,1.2913087625754562,1.2913087625754562,287.14584500466856,317.82486649619136
466,0.125,-1.069,1.2922763779158006,1.2922763779158006,286.88231992516364,317.60623747748394
467,0.125,-1.067,1.2932487093915723,1.2932487093915723,286.6193064667292,317.3882385517581
468,0.125,-1.065,1.2942257872453764,1.2942257872453764,286.3568075117371,317.17087302686826
469,0.125,-1.063,1.2952076419611687,1.2952076419611687,286.09482596425215,316.9541442342492
470,0.125,-1.061,1.296194304266575,1.296194304266575,285.83336475023566,316.73805552913075
471,0.125,-1.059,1.2971858051352392,1.2971858051352392,285.5724268177526,316.52261029075504
472,0.125,-1.057,1.2981821757891976,1.2981821757891976,285.3120151371807,316.3078119225968
473,0.125,-1.055,1.2991834477012785,1.2991834477012785,285.05213270142184,316.09366385258494
474,0.125,-1.053,1.3001896525975303,1.3001896525975303,284.7927825261159,315.88016953332755
475,0.125,-1.051,1.3012008224596787,1.3012008224596787,284.53396764985723,315.66733244233944
476,0.125,-1.049,1.3022169895276097,1.3022169895276097,284.2756911344137,315.4551560822716
477,0.125,-1.047,1.3032381863018832,1.3032381863018832,284.01795606494755,315.243643981144
478,0.125,-1.045,1.30426444554627,1.30426444554627,283.7607655502393,315.0327996925796
479,0.125,-1.043,1.3052958002903305,1.3052958002903305,283.50412272291464,314.82262679604406
480,0.125,-1.041,1.3063322838320073,1.3063322838320073,283.2480307396735,314.61312889708415
481,0.125,-1.039,1.3073739297402591,1.3073739297402591,282.9924927815207,314.4043096275721
482,0.125,-1.037,1.3084207718577212,1.3084207718577212,282.73751205400185,314.1961726459514
483,0.125,-1.035,1.3094728443033965,1.3094728443033965,282.48309178743966,313.9887216374851
484,0.125,-1.033,1.3105301814753783,1.3105301814753783,282.22923523717327,313.781960314508
485,0.125,-1.031,1.3115928180536054,1.3115928180536054,281.9759456838022,313.5758924166811
486,0.125,-1.029,1.3126607890026474,1.3126607890026474,281.7232264334305,313.37052171124816
487,0.125,-1.027,1.313734129574526,1.313734129574526,281.47108081791623,313.1658519932977
488,0.125,-1.025,1.3148128753115664,1.3148128753115664,281.2195121951219,312.9618870860254
489,0.125,-1.023,1.3158970620492805,1.3158970620492805,280.968523949169,312.7586308410003
490,0.125,-1.021,1.316986725919292,1.316986725919292,280.71811949069547,312.5560871384357
491,0.125,-1.019,1.3180819033522821,1.3180819033522821,280.46830225711483,312.3542598874601
492,0.125,-1.017,1.319182631080987,1.319182631080987,280.21907571288097,312.1531530263948
493,0.125,-1.015,1.3202889461432168,1.3202889461432168,279.9704433497537,311.9527705230323
494,0.125,-1.013,1.3214008858849158,1.3214008858849158,279.7224086870681,311.7531163749185
495,0.125,-1.011,1.32251848796326,1.32251848796326,279.47497527200795,311.55419460963867
496,0.125,-1.009,1.3236417903497877,1.3236417903497877,279.22814667988104,311.3560092851062
497,0.125,-1.007,1.324770831333573,1.324770831333573,278.98192651439916,311.1585644898562
498,0.125,-1.005,1.3259056495244321,1.3259056495244321,278.73631840796014,310.96186434334015
499,0.125,-1.003,1.3270462838561683,1.3270462838561683,278.49132602193424,310.7659129962259
500,0.125,-1.001,1.3281927735898593,1.3281927735898593,278.24695304695297,310.5707146307006
501,0.125,-0.999,1.3293451583171816,1.3293451583171816,278.00320320320316,310.37627346077767
502,0.125,-0.997,1.3305034779637739,1.3305034779637739,277.7600802407222,310.1825937326066
503,0.125,-0.995,1.331667772792643,1.331667772792643,277.5175879396985,309.9896797247869
504,0.125,-0.993,1.3328380834076101,1.3328380834076101,277.2757301107755,309.7975357486864
505,0.125,-0.991,1.3340144507567984,1.3340144507567984,277.0345105953582,309.60616614876204
506,0.125,-0.989,1.3351969161361634,1.3351969161361634,276.79393326592515,309.415575302886
507,0.125,-0.987,1.3363855211930669,1.3363855211930669,276.5540020263425,309.2257676226747
508,0.125,-0.985,1.3375803079298896,1.3375803079298896,276.3147208121827,309.0367475538217
509,0.125,-0.983,1.3387813187076971,1.3387813187076971,276.07609359104777,308.8485195764359
510,0.125,-0.981,1.3399885962499414,1.3399885962499414,275.838124362895,308.6610882053825
511,0.125,-0.979,1.3412021836462122,1.3412021836462122,275.6008171603677,308.4744579906284
512,0.125,-0.977,1.3424221243560337,1.3424221243560337,275.36417604913,308.28863351759236
513,0.125,-0.975,1.3436484622127078,1.3436484622127078,275.12820512820514,308.1036194074989
514,0.125,-0.973,1.344881241427204,1.344881241427204,274.8929085303186,307.9194203177368
515,0.125,-0.971,1.3461205065920983,1.3461205065920983,274.65829042224505,307.73604094222156
516,0.125,-0.969,1.3473663026855605,1.3473663026855605,274.42435500516,307.5534860117633
517,0.125,-0.967,1.3486186750753895,1.3486186750753895,274.1911065149949,307.3717602944378
518,0.125,-0.965,1.3498776695231016,1.3498776695231016,273.958549222798,307.1908685959634
519,0.125,-0.963,1.3511433321880655,1.3511433321880655,273.72668743509865,307.0108157600817
520,0.125,-0.961,1.352415709631694,1.352415709631694,273.4955254942768,306.83160666894355
521,0.125,-0.959,1.3536948488216822,1.3536948488216822,273.2650677789364,306.65324624349944
522,0.125,-0.957,1.3549807971363046,1.3549807971363046,273.03531870428424,306.47573944389507
523,0.125,-0.955,1.35627360236876,1.35627360236876,272.80628272251306,306.29909126987116
524,0.125,-0.953,1.3575733127315768,1.3575733127315768,272.5779643231899,306.12330676116954
525,0.125,-0.951,1.3588799768610698,1.3588799768610698,272.3503680336488,305.94839099794314
526,0.125,-0.949,1.3601936438218538,1.3601936438218538,272.1234984193888,305.7743491011716
527,0.125,-0.947,1.3615143631114173,1.3615143631114173,271.8973600844773,305.60118623308233
528,0.125,-0.945,1.362842184664748,1.362842184664748,271.67195767195767,305.4289075975762
529,0.125,-0.943,1.3641771588590244,1.3641771588590244,271.44729586426297,305.2575184406595
530,0.125,-0.941,1.365519336518361,1.365519336518361,271.22337938363444,305.08702405088087
531,0.125,-0.939,1.3668687689186165,1.3668687689186165,271.0002129925453,304.91742975977337
532,0.125,-0.937,1.368225507792264,1.368225507792264,270.7778014941302,304.74874094230347
533,0.125,-0.935,1.369589605333324,1.369589605333324,270.5561497326204,304.58096301732445
534,0.125,-0.933,1.3709611142023546,1.3709611142023546,270.33526259378357,304.414101448036
535,0.125,-0.931,1.3723400875315148,1.3723400875315148,270.11514500537055,304.24816174244995
536,0.125,-0.929,1.373726578929689,1.373726578929689,269.8958019375673,304.0831494538624
537,0.125,-0.927,1.3751206424876754,1.3751206424876754,269.67723840345207,303.91907018133094
538,0.125,-0.925,1.3765223327834422,1.3765223327834422,269.4594594594594,303.75592957015783
539,0.125,-0.923,1.377931704887458,1.377931704887458,269.2424702058505,303.59373331238174
540,0.125,-0.921,1.3793488143680812,1.3793488143680812,269.0262757871877,303.4324871472724
541,0.125,-0.919,1.3807737172970298,1.3807737172970298,268.81088139281826,303.2721968618353
542,0.125,-0.917,1.3822064702549124,1.3822064702549124,268.5962922573609,303.1128682913194
543,0.125,-0.915,1.383647130336842,1.383647130336842,268.38251366120215,302.95450731973455
544,0.125,-0.913,1.3850957551581153,1.3850957551581153,268.1695509309967,302.79711988037417
545,0.125,-0.911,1.386552402859968,1.386552402859968,267.95740944017564,302.6407119563443
546,0.125,-0.909,1.3880171321154116,1.3880171321154116,267.7460946094609,302.48528958110137
547,0.125,-0.907,1.3894900021351393,1.3894900021351393,267.535611907387,302.3308588389954
548,0.125,-0.905,1.390971072673511,1.390971072673511,267.32596685082865,302.1774258658204
549,0.125,-0.903,1.3924604040346276,1.3924604040346276,267.1171650055371,302.02499684937453
550,0.125,-0.901,1.39395805707847,1.39395805707847,266.90921198668144,301.87357803002357
551,0.125,-0.899,1.3954640932271318,1.3954640932271318,266.7021134593993,301.72317570127564
552,0.125,-0.897,1.3969785744711327,1.3969785744711327,266.4958751393535,301.57379621036193
553,0.125,-0.895,1.398501563375809,1.398501563375809,266.29050279329607,301.4254459588244
554,0.125,-0.893,1.4000331230878031,1.4000331230878031,266.08600223964163,301.27813140311395
555,0.125,-0.891,1.401573317341625,1.401573317341625,265.882379349046,301.1318590551932
556,0.125,-0.889,1.403122210466314,1.403122210466314,265.67964004499436,300.9866354831507
557,0.125,-0.887,1.404679867392183,1.404679867392183,265.4777903043969,300.842467311821
558,0.125,-0.885,1.4062463536576588,1.4062463536576588,265.27683615819217,300.6993612234144
559,0.125,-0.883,1.407821735416209,1.407821735416209,265.07678369195924,300.55732395815477
560,0.125,-0.881,1.4094060794433703,1.4094060794433703,264.877639046538,300.41636231492623
561,0.125,-0.879,1.4109994531438668,1.4109994531438668,264.67940841865754,300.2764831519289
562,0.125,-0.877,1.412601924558826,1.412601924558826,264.48209806157354,300.1376933873424
563,0.125,-0.875,1.4142135623730951,1.4142135623730951,264.28571428571433,300.00000000000006
564,0.125,-0.873,1.4158344359226582,1.4158344359226582,264.0902634593356,299.86341003007146
565,0.125,-0.871,1.4174646152021517,1.4174646152021517,263.8957520091848,299.7279305797546
566,0.125,-0.869,1.4191041708724876,1.4191041708724876,263.7021864211738,299.59356881397787
567,0.125,-0.867,1.4207531742685755,1.4207531742685755,263.50957324106116,299.46033196111046
568,0.125,-0.865,1.4224116974071581,1.4224116974071581,263.3179190751446,299.32822731368447
569,0.125,-0.863,1.4240798129947534,1.4240798129947534,263.12723059096174,299.1972622291262
570,0.125,-0.861,1.4257575944357037,1.4257575944357037,262.9375145180024,299.0674441304972
571,0.125,-0.859,1.427445115840338,1.427445115840338,262.7487776484285,298.9387805072464
572,0.125,-0.857,1.4291424520332532,1.4291424520332532,262.56102683780625,298.8112789159721
573,0.125,-0.855,1.430849678561703,1.430849678561703,262.37426900584796,298.6849469811955
574,0.125,-0.853,1.4325668717041098,1.4325668717041098,262.1885111371629,298.55979239614425
575,0.125,-0.851,1.4342941084786953,1.4342941084786953,262.0037602820212,298.43582292354785
576,0.125,-0.849,1.4360314666522296,1.4360314666522296,261.820023557126,298.313046396443
577,0.125,-0.847,1.4377790247489086,1.4377790247489086,261.63730814639905,298.1914707189925
578,0.125,-0.845,1.4395368620593527,1.4395368620593527,261.4556213017752,298.07110386731364
579,0.125,-0.843,1.4413050586497347,1.4413050586497347,261.27497034400943,297.9519538903195
580,0.125,-0.841,1.4430836953710378,1.4430836953710378,261.09536266349585,297.8340289105723
581,0.125,-0.839,1.4448728538684443,1.4448728538684443,260.9168057210965,297.7173371251483
582,0.125,-0.837,1.4466726165908597,1.4466726165908597,260.7393070489845,297.601886806516
583,0.125,-0.835,1.4484830668005713,1.4484830668005713,260.56287425149696,297.4876863034262
584,0.125,-0.833,1.4503042885830482,1.4503042885830482,260.3875150060024,297.3747440418155
585,0.125,-0.831,1.452136366856877,1.452136366856877,260.21323706377854,297.2630685257221
586,0.125,-0.829,1.4539793873838494,1.4539793873838494,260.04004825090476,297.1526683382163
587,0.125,-0.827,1.455833436779182,1.455833436779182,259.8679564691657,297.0435521423421
588,0.125,-0.825,1.4576986025219023,1.4576986025219023,259.69696969696975,296.9357286820759
589,0.125,-0.823,1.4595749729653669,1.4595749729653669,259.52709599027946,296.8292067832955
590,0.125,-0.821,1.4614626373479456,1.4614626373479456,259.35834348355655,296.7239953547666
591,0.125,-0.819,1.4633616858038567,1.4633616858038567,259.1907203907204,296.6201033891416
592,0.125,-0.817,1.4652722093741595,1.4652722093741595,259.02423500611997,296.51753996397355
593,0.125,-0.815,1.4671943000179095,1.4671943000179095,258.8588957055215,296.4163142427458
594,0.125,-0.813,1.4691280506234805,1.4691280506234805,258.6947109471094,296.3164354759164
595,0.125,-0.811,1.4710735550200478,1.4710735550200478,258.53168927250306,296.2179130019783
596,0.125,-0.809,1.4730309079892436,1.4730309079892436,258.3698393077874,296.1207562485339
597,0.125,-0.807,1.475000205276985,1.475000205276985,258.2091697645601,296.02497473338786
598,0.125,-0.805,1.4769815436054805,1.4769815436054805,258.04968944099375,295.9305780656552
599,0.125,-0.803,1.4789750206854084,1.4789750206854084,257.89140722291404,295.8375759468851
600,0.125,-0.801,1.480980735228282,1.480980735228282,257.7343320848939,295.7459781722032
601,0.125,-0.799,1.4829987869589996,1.4829987869589996,257.57847309136423,295.65579463147
602,0.125,-0.797,1.4850292766285784,1.4850292766285784,257.4238393977415,295.56703531045713
603,0.125,-0.795,1.487072306027086,1.487072306027086,257.2704402515723,295.4797102920421
604,0.125,-0.793,1.4891279779967614,1.4891279779967614,257.11828499369483,295.3938297574196
605,0.125,-0.791,1.4911963964453363,1.4911963964453363,256.96738305941847,295.3094039873326
606,0.125,-0.789,1.4932776663595582,1.4932776663595582,256.8177439797212,295.226443363322
607,0.125,-0.787,1.495371893818919,1.495371893818919,256.66937738246503,295.14495836899516
608,0.125,-0.785,1.4974791860095915,1.4974791860095915,256.5222929936306,295.0649595913137
609,0.125,-0.783,1.4995996512385796,1.4995996512385796,256.3765006385696,294.98645772190207
610,0.125,-0.781,1.5017333989480832,1.5017333989480832,256.2320102432779,294.90946355837457
611,0.125,-0.779,1.5038805397300872,1.5038805397300872,256.0888318356868,294.83398800568534
612,0.125,-0.777,1.5060411853411693,1.5060411853411693,255.94697554697544,294.7600420774967
613,0.125,-0.775,1.5082154487175434,1.5082154487175434,255.80645161290326,294.6876368975713
614,0.125,-0.773,1.5104034439903242,1.5104034439903242,255.66727037516168,294.61678370118284
615,0.125,-0.771,1.5126052865010433,1.5126052865010433,255.5294422827496,294.54749383655303
616,0.125,-0.769,1.514821092817393,1.514821092817393,255.39297789336797,294.4797787663068
617,0.125,-0.767,1.5170509807492234,1.5170509807492234,255.25788787483702,294.4136500689537
618,0.125,-0.765,1.5192950693647849,1.5192950693647849,255.12418300653596,294.34911944039027
619,0.125,-0.763,1.521553479007229,1.521553479007229,254.99187418086504,294.2861986954281
620,0.125,-0.761,1.523826331311362,1.523826331311362,254.8609724047306,294.2248997693444
621,0.125,-0.759,1.5261137492206736,1.5261137492206736,254.731488801054,294.16523471945914
622,0.125,-0.757,1.52841585700462,1.52841585700462,254.60343461030385,294.10721572673515
623,0.125,-0.755,1.5307327802761916,1.5307327802761916,254.47682119205302,294.0508550974052
624,0.125,-0.753,1.5330646460097532,1.5330646460097532,254.3516600265604,293.9961652646252
625,0.125,-0.751,1.5354115825591736,1.5354115825591736,254.22796271637822,293.9431587901533
626,0.125,-0.749,1.5377737196762384,1.5377737196762384,254.10574098798406,293.8918483660563
627,0.125,-0.747,1.5401511885293604,1.5401511885293604,253.98500669344043,293.84224681644366
628,0.125,-0.745,1.5425441217225928,1.5425441217225928,253.86577181208054,293.79436709923027
629,0.125,-0.743,1.5449526533149411,1.5449526533149411,253.74804845222073,293.7482223079262
630,0.125,-0.741,1.5473769188399933,1.5473769188399933,253.6318488529015,293.7038256734573
631,0.125,-0.739,1.5498170553258646,1.5498170553258646,253.5171853856563,293.66119056601474
632,0.125,-0.737,1.5522732013154643,1.5522732013154643,253.40407055630936,293.6203304969353
633,0.125,-0.735,1.5547454968870964,1.5547454968870964,253.29251700680277,293.58125912061183
634,0.125,-0.733,1.557234083675389,1.557234083675389,253.18253751705316,293.54399023643543
635,0.125,-0.731,1.5597391048925766,1.5597391048925766,253.07414500683996,293.50853779077113
636,0.125,-0.729,1.562260705350118,1.562260705350118,252.96735253772292,293.47491587896366
637,0.125,-0.727,1.5647990314806814,1.5647990314806814,252.86217331499313,293.44313874737884
638,0.125,-0.725,1.5673542313604845,1.5673542313604845,252.75862068965517,293.41322079547797
639,0.125,-0.723,1.5699264547320082,1.5699264547320082,252.6567081604427,293.3851765779271
640,0.125,-0.721,1.5725158530270826,1.5725158530270826,252.55644937586695,293.35902080674106
641,0.125,-0.719,1.5751225793903618,1.5751225793903618,252.45785813630047,293.33476835346534
642,0.125,-0.717,1.5777467887031875,1.5777467887031875,252.3609483960948,293.31243425139246
643,0.125,-0.715,1.5803886376078493,1.5803886376078493,252.26573426573424,293.2920336978172
644,0.125,-0.713,1.5830482845322549,1.5830482845322549,252.17223001402525,293.2735820563297
645,0.125,-0.711,1.5857258897150148,1.5857258897150148,252.08045007032348,293.2570948591474
646,0.125,-0.709,1.5884216152309487,1.5884216152309487,251.99040902679826,293.2425878094872
647,0.125,-0.707,1.5911356250170234,1.5911356250170234,251.90212164073552,293.2300767839779
648,0.125,-0.705,1.5938680848987312,1.5938680848987312,251.8156028368794,293.2195778351137
649,0.125,-0.703,1.5966191626169168,1.5966191626169168,251.73086770981507,293.2111071937505
650,0.125,-0.701,1.59938902785506,1.59938902785506,251.6479315263909,293.2046812716449
651,0.125,-0.699,1.6021778522670274,1.6021778522670274,251.5668097281831,293.2003166640372
652,0.125,-0.697,1.6049858095053002,1.6049858095053002,251.48751793400288,293.19803015227933
653,0.125,-0.695,1.6078130752496835,1.6078130752496835,251.41007194244605,293.19783870650843
654,0.125,-0.693,1.610659827236516,1.610659827236516,251.3344877344877,293.19975948836685
655,0.125,-0.691,1.6135262452883838,1.6135262452883838,251.26078147612156,293.2038098537705
656,0.125,-0.689,1.6164125113443468,1.6164125113443468,251.18896952104495,293.2100073557248
657,0.125,-0.687,1.6193188094906947,1.6193188094906947,251.11906841339163,293.21836974719145
658,0.125,-0.685,1.6222453259922371,1.6222453259922371,251.0510948905109,293.22891498400384
659,0.125,-0.683,1.6251922493241469,1.6251922493241469,250.98506588579795,293.2416612278374
660,0.125,-0.681,1.6281597702043524,1.6281597702043524,250.92099853157117,293.2566268492288
661,0.125,-0.679,1.6311480816265136,1.6311480816265136,250.85891016200287,293.2738304306522
662,0.125,-0.677,1.6341573788935682,1.6341573788935682,250.7988183161005,293.2932907696488
663,0.125,-0.675,1.6371878596518774,1.6371878596518774,250.7407407407408,293.31502688201255
664,0.125,-0.673,1.6402397239259836,1.6402397239259836,250.68469539375934,293.33905800503425
665,0.125,-0.671,1.643313174153977,1.643313174153977,250.63070044709394,293.36540360080284
666,0.125,-0.669,1.6464084152235023,1.6464084152235023,250.57877428998506,293.3940833595674
667,0.125,-0.667,1.6495256545084092,1.6495256545084092,250.52893553223385,293.4251172031599
668,0.125,-0.665,1.6526651019060616,1.6526651019060616,250.48120300751884,293.45852528848
669,0.125,-0.663,1.6558269698753145,1.6558269698753145,250.43559577677217,293.49432801104314
670,0.125,-0.661,1.6590114734751937,1.6590114734751937,250.3921331316187,293.5325460085953
671,0.125,-0.659,1.6622188304042584,1.6622188304042584,250.35083459787555,293.5732001647925
672,0.125,-0.657,1.6654492610406924,1.6654492610406924,250.31171993911727,293.61631161294827
673,0.125,-0.655,1.6687029884831235,1.6687029884831235,250.27480916030532,293.6619017398509
674,0.125,-0.653,1.6719802385921958,1.6719802385921958,250.24012251148554,293.7099921896526
675,0.125,-0.651,1.6752812400328942,1.6752812400328942,250.2076804915515,293.76060486782796
676,0.125,-0.649,1.678606224317664,1.678606224317664,250.1775038520801,293.8137619452094
677,0.125,-0.647,1.681955425850317,1.681955425850317,250.14961360123647,293.86948586209695
678,0.125,-0.645,1.6853290819707545,1.6853290819707545,250.12403100775197,293.92779933244424
679,0.125,-0.643,1.6887274330005244,1.6887274330005244,250.10077760497666,293.9887253481252
680,0.125,-0.641,1.6921507222892282,1.6921507222892282,250.0798751950078,294.0522871832798
681,0.125,-0.639,1.6955991962617962,1.6955991962617962,250.06134585289516,294.11850839874387
682,0.125,-0.637,1.6990731044666507,1.6990731044666507,250.04521193092626,294.1874128465611
683,0.125,-0.635,1.7025726996247748,1.7025726996247748,250.03149606299206,294.2590246745826
684,0.125,-0.633,1.706098237679716,1.706098237679716,250.02022116903635,294.3333683311548
685,0.125,-0.631,1.7096499778485268,1.7096499778485268,250.01141045958798,294.41046856989556
686,0.125,-0.629,1.7132281826736848,1.7132281826736848,250.00508744038163,294.49035045456435
687,0.125,-0.627,1.7168331180759977,1.7168331180759977,250.00127591706536,294.57303936402514
688,0.125,-0.625,1.7204650534085253,1.7204650534085253,250.0,294.6585609973065
689,0.125,-0.623,1.7241242615115318,1.7241242615115318,250.00128410914925,294.7469413787593
690,0.125,-0.621,1.7278110187685034,1.7278110187685034,250.00515297906603,294.8382068633154
691,0.125,-0.619,1.7315256051632444,1.7315256051632444,250.01163166397413,294.9323841418498
692,0.125,-0.617,1.7352683043380834,1.7352683043380834,250.02074554294967,295.0295002466472
693,0.125,-0.615,1.7390394036532135,1.7390394036532135,250.03252032520328,295.1295825569775
694,0.125,-0.613,1.7428391942471828,1.7428391942471828,250.0469820554649,295.2326588047795
695,0.125,-0.611,1.7466679710985846,1.7466679710985846,250.06415711947616,295.3387570804606
696,0.125,-0.609,1.7505260330889487,1.7505260330889487,250.08407224958955,295.4479058388089
697,0.125,-0.607,1.7544136830668706,1.7544136830668706,250.1067545304778,295.5601339050241
698,0.125,-0.605,1.758331227913424,1.758331227913424,250.13223140495873,295.675470480871
699,0.125,-0.603,1.7622789786088586,1.7622789786088586,250.1605306799336,295.79394515095476
700,0.125,-0.601,1.7662572503006326,1.7662572503006326,250.19168053244596,295.91558788912363
701,0.125,-0.599,1.7702663623727994,1.7702663623727994,250.22570951585973,296.0404290650004
702,0.125,-0.597,1.7743066385167956,1.7743066385167956,250.26264656616414,296.1684994506485
703,0.125,-0.595,1.7783784068036441,1.7783784068036441,250.30252100840337,296.2998302273715
704,0.125,-0.593,1.7824819997576176,1.7824819997576176,250.34536256323773,296.43445299265323
705,0.125,-0.591,1.7866177544313986,1.7866177544313986,250.39120135363788,296.57239976724026
706,0.125,-0.589,1.7907860124827626,1.7907860124827626,250.44006791171475,296.7137030023692
707,0.125,-0.587,1.794987120252825,1.794987120252825,250.49199318568998,296.85839558714423
708,0.125,-0.585,1.799221428845895,1.799221428845895,250.5470085470086,297.00651085606734
709,0.125,-0.583,1.8034892942109644,1.8034892942109644,250.60514579759862,297.158082596725
710,0.125,-0.581,1.8077910772248797,1.8077910772248797,250.6664371772806,297.31314505763595
711,0.125,-0.579,1.812127143777229,1.812127143777229,250.73091537132987,297.4717329562617
712,0.125,-0.577,1.816497864857002,1.816497864857002,250.79861351819764,297.63388148718843
713,0.125,-0.575,1.8209036166410375,1.8209036166410375,250.86956521739137,297.79962633047774
714,0.125,-0.573,1.8253447805843375,1.8253447805843375,250.94380453752188,297.9690036601974
715,0.125,-0.571,1.8298217435122646,1.8298217435122646,251.0213660245184,298.14205015313166
716,0.125,-0.569,1.8343348977146845,1.8343348977146845,251.1022847100176,298.31880299767755
717,0.125,-0.567,1.8388846410420947,1.8388846410420947,251.1865961199296,298.4992999029314
718,0.125,-0.565,1.8434713770037905,1.8434713770037905,251.2743362831859,298.6835791079705
719,0.125,-0.563,1.8480955148681284,1.8480955148681284,251.36554174067493,298.8716793913358
720,0.125,-0.561,1.8527574697649158,1.8527574697649158,251.46024955436718,299.0636400807178
721,0.125,-0.559,1.8574576627900083,1.8574576627900083,251.55849731663696,299.259501062854
722,0.125,-0.557,1.8621965211121436,1.8621965211121436,251.66032315978458,299.4593027936405
723,0.125,-0.555,1.8669744780820972,1.8669744780820972,251.76576576576582,299.6630863084679
724,0.125,-0.553,1.8717919733441872,1.8717919733441872,251.8748643761303,299.8708932327792
725,0.125,-0.551,1.8766494529502133,1.8766494529502133,251.98765880217783,300.0827657928641
726,0.125,-0.549,1.8815473694758804,1.8815473694758804,252.10418943533688,300.2987468268903
727,0.125,-0.547,1.8864861821397692,1.8864861821397692,252.22449725776963,300.51887979617914
728,0.125,-0.545,1.8914663569249233,1.8914663569249233,252.34862385321108,300.74320879673303
729,0.125,-0.543,1.8964883667031218,1.8964883667031218,252.47661141804787,300.9717785710198
730,0.125,-0.541,1.901552691361904,1.901552691361904,252.60850277264322,301.2046345200224
731,0.125,-0.539,1.9066598179344123,1.9066598179344123,252.74434137291274,301.44182271555854
732,0.125,-0.537,1.911810240732141,1.911810240732141,252.88417132216017,301.68338991287965
733,0.125,-0.535,1.9170044614806487,1.9170044614806487,253.0280373831776,301.9293835635547
734,0.125,-0.533,1.922242989458332,1.922242989458332,253.1759849906192,302.17985182864885
735,0.125,-0.531,1.9275263416383213,1.9275263416383213,253.3280602636534,302.434843592201
736,0.125,-0.529,1.9328550428336022,1.9328550428336022,253.48431001890356,302.69440847501346
737,0.125,-0.527,1.938229625845422,1.938229625845422,253.64478178368108,302.95859684875563
738,0.125,-0.525,1.9436506316151005,1.9436506316151005,253.80952380952385,303.22745985039717
739,0.125,-0.523,1.9491186093793025,1.9491186093793025,253.97858508604216,303.50104939697246
740,0.125,-0.521,1.9546341168288992,1.9546341168288992,254.1520153550864,303.7794182006929
741,0.125,-0.519,1.9601977202714864,1.9601977202714864,254.32986512524081,304.06261978440915
742,0.125,-0.517,1.9658099947976755,1.9658099947976755,254.51218568665382,304.35070849743875
743,0.125,-0.515,1.9714715244512468,1.9714715244512468,254.69902912621365,304.64373953176397
744,0.125,-0.513,1.9771829024032934,1.9771829024032934,254.89044834307987,304.94176893861624
745,0.125,-0.511,1.9829447311304367,1.9829447311304367,255.08649706457928,305.24485364545205
746,0.125,-0.509,1.9887576225972392,1.9887576225972392,255.28722986247544,305.55305147333354
747,0.125,-0.507,1.9946221984429418,1.9946221984429418,255.4927021696252,305.86642115472677
748,0.125,-0.505,2.0005390901726203,2.0005390901726203,255.7029702970297,306.18502235172633
749,0.125,-0.503,2.0065089393529023,2.0065089393529023,255.91809145129224,306.50891567471984
750,0.125,-0.501,2.0125323978123717,2.0125323978123717,256.138123752495,306.83816270150504
751,0.125,-0.499,2.0186101278467787,2.0186101278467787,256.36312625250497,307.1728259968714
752,0.125,-0.497,2.024742802429211,2.024742802429211,256.5931589537224,307.5129691326603
753,0.125,-0.495,2.0309311054253385,2.0309311054253385,256.82828282828285,307.85865670831595
754,0.125,-0.493,2.037175731813913,2.037175731813913,257.0685598377281,308.20995437194404
755,0.125,-0.491,2.0434773879126378,2.0434773879126378,257.31405295315676,308.56692884188953
756,0.125,-0.489,2.049836791609574,2.049836791609574,257.56482617586914,308.92964792884953
757,0.125,-0.487,2.056254672600253,2.056254672600253,257.8209445585216,309.2981805585388
758,0.125,-0.485,2.062731772630644,2.062731772630644,258.0824742268041,309.67259679492116
759,0.125,-0.483,2.0692688457461577,2.0692688457461577,258.3494824016563,310.0529678640257
760,0.125,-0.481,2.075866658546849,2.075866658546849,258.62203742203747,310.4393661783621
761,0.125,-0.479,2.082525990449016,2.082525990449016,258.90020876826725,310.83186536195666
762,0.125,-0.477,2.0892476339533728,2.0892476339533728,259.1840670859539,311.230540276024
763,0.125,-0.475,2.096032394919987,2.096032394919987,259.4736842105263,311.63546704529455
764,0.125,-0.473,2.102881092850197,2.102881092850197,259.7691331923891,312.0467230850189
765,0.125,-0.471,2.1097945611756903,2.1097945611756903,260.07048832271755,312.46438712866575
766,0.125,-0.469,2.1167736475549983,2.1167736475549983,260.3778251599147,312.8885392563393
767,0.125,-0.467,2.1238192141775754,2.1238192141775754,260.6912205567451,313.3192609239323
768,0.125,-0.465,2.1309321380757424,2.1309321380757424,261.01075268817203,313.7566349930421
769,0.125,-0.463,2.1381133114446964,2.1381133114446964,261.3365010799136,314.20074576166974
770,0.125,-0.461,2.1453636419708517,2.1453636419708517,261.66854663774404,314.6516789957275
771,0.125,-0.459,2.1526840531687585,2.1526840531687585,262.00697167755993,315.10952196137947
772,0.125,-0.457,2.160075484726859,2.160075484726859,262.35185995623624,315.5743634582409
773,0.125,-0.455,2.1675388928623645,2.1675388928623645,262.70329670329664,316.04629385346334
774,0.125,-0.453,2.175075250685517,2.175075250685517,263.06136865342165,316.52540511673163
775,0.125,-0.451,2.1826855485735464,2.1826855485735464,263.4261640798227,317.0117908562045
776,0.125,-0.449,2.190370794554614,2.190370794554614,263.79777282850785,317.50554635542477
777,0.125,-0.447,2.198132014702058,2.198132014702058,264.1762863534676,318.00676861123316
778,0.125,-0.445,2.205970253539259,2.205970253539259,264.561797752809,318.5155563727141
779,0.125,-0.443,2.2138865744554783,2.2138865744554783,264.954401805869,319.03201018121047
780,0.125,-0.441,2.2218820601329945,2.2218820601329945,265.3541950113379,319.55623241143775
781,0.125,-0.439,2.2299578129859166,2.2299578129859166,265.76127562642375,320.0883273137352
782,0.125,-0.437,2.238114955611037,2.238114955611037,266.17574370709383,320.62840105749
783,0.125,-0.435,2.246354631251125,2.246354631251125,266.59770114942535,321.17656177577425
784,0.125,-0.433,2.2546780042710406,2.2546780042710406,267.0272517321017,321.7329196112295
785,0.125,-0.431,2.263086260647111,2.263086260647111,267.4645011600929,322.297586763247
786,0.125,-0.429,2.271580608470182,2.271580608470182,267.90955710955717,322.8706775364795
787,0.125,-0.427,2.2801622784628064,2.2801622784628064,268.36252927400466,323.4523083907326
788,0.125,-0.425,2.288832524511026,2.288832524511026,268.8235294117647,324.0425979922808
789,0.125,-0.423,2.2975926242112323,2.2975926242112323,269.292671394799,324.64166726665457
790,0.125,-0.421,2.30644387943262,2.30644387943262,269.7700712589074,325.2496394529501
791,0.125,-0.419,2.3153876168957215,2.3153876168957215,270.25584725537,325.86664015970916
792,0.125,-0.417,2.3244251887676106,2.3244251887676106,270.7501199040767,326.4927974224284
793,0.125,-0.415,2.3335579732742926,2.3335579732742926,271.2530120481928,327.128241762747
794,0.125,-0.413,2.3427873753308823,2.3427873753308823,271.76464891041155,327.7731062493732
795,0.125,-0.411,2.3521148271901917,2.3521148271901917,272.2851581508516,328.427526560812
796,0.125,-0.409,2.3615417891103174,2.3615417891103174,272.8146699266503,329.0916410499491
797,0.125,-0.407,2.3710697500419293,2.3710697500419293,273.35331695331695,329.7655908105642
798,0.125,-0.405,2.3807002283358982,2.3807002283358982,273.90123456790127,330.44951974583375
799,0.125,-0.403,2.3904347724720014,2.3904347724720014,274.4585607940447,331.1435746388966
800,0.125,-0.401,2.400274961809423,2.400274961809423,275.02543640897755,331.8479052255548
801,0.125,-0.399,2.4102224073598197,2.4102224073598197,275.6020050125313,332.56266426918444
802,0.125,-0.397,2.420278752583753,2.420278752583753,276.1884130982369,333.2880076379345
803,0.125,-0.395,2.4304456742113,2.4304456742113,276.7848101265823,334.0240943842972
804,0.125,-0.393,2.440724883087734,2.440724883087734,277.39134860050893,334.7710868271345
805,0.125,-0.391,2.45111812504513,2.45111812504513,278.0081841432224,335.5291506362479
806,0.125,-0.389,2.4616271818008766,2.4616271818008766,278.63547557840616,336.2984549195869
807,0.125,-0.387,2.472253871884017,2.472253871884017,279.2733850129198,337.0791723131877
808,0.125,-0.385,2.4830000515904835,2.4830000515904835,279.9220779220779,337.8714790739492
809,0.125,-0.383,2.493867615968235,2.493867615968235,280.5817232375979,338.6755551753425
810,0.125,-0.381,2.504858499833427,2.504858499833427,281.25249343832024,339.4915844061703
811,0.125,-0.379,2.515974678818745,2.515974678818745,281.93456464379955,340.319754472484
812,0.125,-0.377,2.527218170455107,2.527218170455107,282.62811671087536,341.1602571027811
813,0.125,-0.375,2.5385910352879693,2.5385910352879693,283.33333333333337,342.01328815660247
814,0.125,-0.373,2.5500953780295417,2.5500953780295417,284.0504021447721,342.8790477366617
815,0.125,-0.371,2.5617333487482647,2.5617333487482647,284.77951482479784,343.7577403046378
816,0.125,-0.369,2.5735071440969652,2.5735071440969652,285.52086720867203,344.6495748007742
817,0.125,-0.367,2.5854190085811632,2.5854190085811632,286.2746594005449,345.5547647674276
818,0.125,-0.365,2.597471235869071,2.597471235869071,287.041095890411,346.47352847672204
819,0.125,-0.363,2.609666170144889,2.609666170144889,287.8203856749312,347.40608906246536
820,0.125,-0.361,2.6220062075070896,2.6220062075070896,288.6127423822715,348.352674656497
821,0.125,-0.359,2.6344937974134233,2.6344937974134233,289.4183844011141,349.3135185296388
822,0.125,-0.357,2.6471314441745064,2.6471314441745064,290.2375350140056,350.2888592374336
823,0.125,-0.355,2.6599217084978695,2.6599217084978695,291.0704225352112,351.2789407708581
824,0.125,-0.353,2.6728672090845125,2.6728672090845125,291.9172804532579,352.2840127122133
825,0.125,-0.351,2.685970624280015,2.685970624280015,292.77834757834756,353.30433039639615
826,0.125,-0.349,2.69923469378244,2.69923469378244,293.65386819484235,354.34015507777445
827,0.125,-0.347,2.7126622204092667,2.7126622204092667,294.5440922190203,355.391754102888
828,0.125,-0.345,2.726256071925792,2.726256071925792,295.4492753623189,356.45940108921707
829,0.125,-0.343,2.7400191829374982,2.7400191829374982,296.3696793002916,357.5433761102687
830,0.125,-0.341,2.753954556848997,2.753954556848997,297.3055718475073,358.6439658872384
831,0.125,-0.339,2.7680652678923225,2.7680652678923225,298.25722713864286,359.7614639875241
832,0.125,-0.337,2.7823544632274353,2.7823544632274353,299.2249258160236,360.8961710303775
833,0.125,-0.335,2.796825365117968,2.796825365117968,300.20895522388065,362.04839489999335
834,0.125,-0.333,2.8114812731853647,2.8114812731853647,301.2096096096097,363.2184509663514
835,0.125,-0.331,2.8263255667447504,2.8263255667447504,302.22719033232624,364.40666231414326
836,0.125,-0.329,2.8413617072259867,2.8413617072259867,303.2620060790273,365.61335998012794
837,0.125,-0.327,2.8565932406835604,2.8565932406835604,304.3143730886851,366.8388831992786
838,0.125,-0.325,2.872023800399149,2.872023800399149,305.3846153846154,368.08357966010635
839,0.125,-0.323,2.8876571095808816,2.8876571095808816,306.4730650154799,369.3478057695579
840,0.125,-0.321,2.9034969841634792,2.9034969841634792,307.58006230529594,370.63192692790733
841,0.125,-0.319,2.919547335713742,2.919547335713742,308.7059561128525,371.9363178140849
842,0.125,-0.317,2.9358121744460197,2.9358121744460197,309.8511041009463,373.2613626819073
843,0.125,-0.315,2.9522956123525383,2.9522956123525383,311.01587301587307,374.6074556676943
844,0.125,-0.313,2.9690018664537505,2.9690018664537505,312.2006389776359,375.97500110978694
845,0.125,-0.311,2.9859352621740887,2.9859352621740887,313.40578778135045,377.36441388050594
846,0.125,-0.309,3.0031002368488218,3.0031002368488218,314.63171521035594,378.7761197311167
847,0.125,-0.307,3.0205013433679664,3.0205013433679664,315.8788273615634,380.2105556503969
848,0.125,-0.305,3.0381432539635793,3.0381432539635793,317.1475409836065,381.66817023743783
849,0.125,-0.303,3.0560307641470246,3.0560307641470246,318.4382838283829,383.14942408933746
850,0.125,-0.301,3.074168796803212,3.074168796803212,319.7514950166113,384.65479020448464
851,0.125,-0.299,3.0925624064491535,3.0925624064491535,321.0876254180602,386.18475440216827
852,0.125,-0.297,3.1112167836645623,3.1112167836645623,322.44713804713797,387.73981575928275
853,0.125,-0.295,3.130137259702703,3.130137259702703,323.83050847457633,389.32048706495084
854,0.125,-0.293,3.1493293112900442,3.1493293112900442,325.2382252559727,390.9272952939179
855,0.125,-0.291,3.1687985656238697,3.1687985656238697,326.670790378007,392.56078209963346
856,0.125,-0.289,3.1885508055773686,3.1885508055773686,328.1287197231834,394.2215043279715
857,0.125,-0.287,3.208591975122383,3.208591975122383,329.61254355400706,395.91003455260767
858,0.125,-0.285,3.228928184980453,3.228928184980453,331.1228070175439,397.62696163311756
859,0.125,-0.283,3.249565718513504,3.249565718513504,332.6600706713781,399.37289129693045
860,0.125,-0.281,3.270511037866076,3.270511037866076,334.22491103202844,401.1484467463301
861,0.125,-0.279,3.291770790371741,3.291770790371741,335.8179211469534,402.9542692917665
862,0.125,-0.277,3.313351815237044,3.313351815237044,337.4397111913356,404.79101901281473
863,0.125,-0.275,3.3352611505171152,3.3352611505171152,339.090909090909,406.6593754481964
864,0.125,-0.273,3.3575060403978947,3.3575060403978947,340.77216117216113,408.56003831635786
865,0.125,-0.271,3.380093942800813,3.380093942800813,342.48413284132846,410.4937282681945
866,0.125,-0.269,3.4030325373267205,3.4030325373267205,344.22750929368027,412.4611876735997
867,0.125,-0.267,3.4263297335568463,3.4263297335568463,346.00299625468165,414.4631814436209
868,0.125,-0.265,3.4499936797296353,3.4499936797296353,347.8113207547169,416.5004978901092
869,0.125,-0.263,3.474032771813505,3.474032771813505,349.6532319391634,418.57394962487183
870,0.125,-0.261,3.4984556629967205,3.4984556629967205,351.52950191570886,420.68437450044894
871,0.125,-0.259,3.5232712736169667,3.5232712736169667,353.44092664092665,422.83263659477814
872,0.125,-0.257,3.5484888015545626,3.5484888015545626,355.38832684824905,425.019627242147
873,0.125,-0.255,3.5741177331147522,3.5741177331147522,357.372549019608,427.2462661129792
874,0.125,-0.253,3.6001678544261564,3.6001678544261564,359.3944664031621,429.5135023451722
875,0.125,-0.251,3.626649263384191,3.626649263384191,361.4549800796814,431.82231572987183
876,0.125,-0.249,3.653572382170032,3.653572382170032,363.55502008032107,434.1737179547482
877,0.125,-0.247,3.6809479703778423,3.6809479703778423,365.69554655870434,436.5687539080544
878,0.125,-0.245,3.708787138784905,3.708787138784905,367.8775510204081,439.0085030469398
879,0.125,-0.243,3.7371013638018233,3.7371013638018233,370.1020576131688,441.4940808337443
880,0.125,-0.241,3.765902502642187,3.765902502642187,372.3701244813278,444.0266402442228
881,0.125,-0.239,3.7952028092539387,3.7952028092539387,374.68284518828455,446.6073733519372
882,0.125,-0.237,3.8250149510573523,3.8250149510573523,377.04135021097045,449.2375129933162
883,0.125,-0.235,3.8553520265377523,3.8553520265377523,379.4468085106384,451.9183345182127
884,0.125,-0.233,3.8862275837442737,3.8862275837442737,381.90042918454924,454.65115763110026
885,0.125,-0.231,3.9176556397496305,3.9176556397496305,384.40346320346333,457.43734832842557
886,0.125,-0.229,3.949650701129561,3.949650701129561,386.95720524017463,460.27832093799583
887,0.125,-0.227,3.9822277855249597,3.9822277855249597,389.5629955947137,463.17554026672605
888,0.125,-0.225,4.015402444353922,4.015402444353922,392.2222222222221,466.1305238634854
889,0.125,-0.223,4.049190786746022,4.049190786746022,394.9363228699551,469.14484440429874
890,0.125,-0.221,4.083609504776162,4.083609504776162,397.7067873303168,472.2201322076584
891,0.125,-0.219,4.118675900081104,4.118675900081104,400.53515981735177,475.35807788828714
892,0.125,-0.217,4.154407911947906,4.154407911947906,403.4230414746543,478.5604351582958
893,0.125,-0.215,4.190824146970078,4.190824146970078,406.3720930232559,481.8290237853535
894,0.125,-0.213,4.2279439103745045,4.2279439103745045,409.3840375586855,485.16573271819965
895,0.125,-0.211,4.265787239130017,4.265787239130017,412.46066350710896,488.57252339062654
896,0.125,-0.209,4.304374936956931,4.304374936956931,415.60382775119626,492.05143321589696
897,0.125,-0.207,4.343728611366124,4.343728611366124,418.81545893719806,495.60457928449307
898,0.125,-0.205,4.38387071286628,4.38387071286628,422.0975609756097,499.2341622791041
899,0.125,-0.203,4.424824576488787,4.424824576488787,425.4522167487685,502.94247062184394
900,0.125,-0.201,4.4666144657917535,4.4666144657917535,428.88159203980103,506.7318848698933
901,0.125,-0.199,4.509265619517544,4.509265619517544,432.3879396984924,510.6048823770585
902,0.125,-0.197,4.552804301092402,4.552804301092402,435.9736040609139,514.5640422401599
903,0.125,-0.195,4.597257851172193,4.597257851172193,439.6410256410257,518.6120505507066
904,0.125,-0.193,4.642654743455298,4.642654743455298,443.3927461139897,522.7517059740301
905,0.125,-0.191,4.6890246440020285,4.6890246440020285,447.23141361256563,526.9859256798735
906,0.125,-0.189,4.7363984743203975,4.7363984743203975,451.1597883597884,531.3177516504941
907,0.125,-0.187,4.784808478500184,4.784808478500184,455.1807486631016,535.7503573945485
908,0.125,-0.185,4.834288294701639,4.834288294701639,459.2972972972974,540.2870550974716
909,0.125,-0.183,4.884873031331976,4.884873031331976,463.5125683060108,544.931303241753
910,0.125,-0.181,4.936599348272299,4.936599348272299,467.82983425414375,549.6867147334616
911,0.125,-0.179,4.98950554354984,4.98950554354984,472.2525139664806,554.5570655746042
912,0.125,-0.177,5.043631645886375,5.043631645886375,476.78418079096036,559.5463041245047
913,0.125,-0.175,5.099019513592784,5.099019513592784,481.4285714285714,564.6585609973064
914,0.125,-0.173,5.155712940323367,5.155712940323367,486.18959537572266,569.8981596470735
915,0.125,-0.171,5.213757768251531,5.213757768251531,491.0713450292395,575.2696276967695
916,0.125,-0.169,5.273202009281667,5.273202009281667,496.0781065088759,580.777709072724
917,0.125,-0.167,5.334095974970802,5.334095974970802,501.214371257485,586.4273770120742
918,0.125,-0.165,5.396492415899209,5.396492415899209,506.4848484848486,592.2238480172438
919,0.125,-0.163,5.460446671301357,5.460446671301357,511.89447852760725,598.1725968387378
920,0.125,-0.161,5.526016829849572,5.526016829849572,517.4484472049689,604.2793725756516
921,0.125,-0.159,5.593263902572262,5.593263902572262,523.1522012578616,610.5502159922319
922,0.125,-0.157,5.662252008988888,5.662252008988888,529.0114649681528,616.9914781588855
923,0.125,-0.155,5.733048577655389,5.733048577655389,535.032258064516,623.6098405371743
924,0.125,-0.153,5.805724562438669,5.805724562438669,541.2209150326797,630.4123366408483
925,0.125,-0.151,5.880354675978478,5.880354675978478,547.5841059602649,637.4063754189358
926,0.125,-0.149,5.957017641951646,5.957017641951646,554.1288590604029,644.5997665225887
927,0.125,-0.147,6.035796467929277,6.035796467929277,560.8625850340134,652.0007476349492
928,0.125,-0.145,6.116778740815331,6.116778740815331,567.793103448276,659.6180140630939
929,0.125,-0.143,6.2000569470771705,6.2000569470771705,574.9286713286715,667.4607508133332
930,0.125,-0.141,6.285728820229902,6.285728820229902,582.2780141843976,675.5386673962769
931,0.125,-0.139,6.373897718319308,6.373897718319308,589.8503597122302,683.8620356363774
932,0.125,-0.137,6.464673034469066,6.464673034469066,597.6554744525546,692.4417307927613
933,0.125,-0.135,6.558170643921011,6.558170643921011,605.7037037037034,701.2892763344639
934,0.125,-0.133,6.654513391409945,6.654513391409945,614.0060150375939,710.4168927544694
935,0.125,-0.131,6.753831623183442,6.753831623183442,622.5740458015267,719.8375508538469
936,0.125,-0.129,6.856263768511946,6.856263768511946,631.4201550387595,729.5650299807689
937,0.125,-0.127,6.961956976144702,6.961956976144702,640.5574803149606,739.6139817702134
938,0.125,-0.125,7.071067811865478,7.071067811865478,650.0000000000002,750.0000000000003
939,0.125,-0.123,7.183763024102556,7.183763024102556,659.7626016260164,760.7396972588556
940,0.125,-0.121,7.300220385467013,7.300220385467013,669.8611570247929,771.8507892141503
941,0.125,-0.119,7.42062961915205,7.42062961915205,680.3126050420169,783.3521873728237
942,0.125,-0.117,7.545193420347587,7.545193420347587,691.1350427350425,795.2641013511391
943,0.125,-0.115,10000,10000.0,1052377.6647019363,1052377.6647019365
944,0.125,-0.113,10000,10000.0,1050771.5924758806,1050771.5924758806
945,0.125,-0.111,10000,10000.0,1049183.0431400242,1049183.0431400242
946,0.125,-0.109,10000,10000.0,1047612.3359205067,1047612.3359205067
947,0.125,-0.107,10000,10000.0,1046059.7968968379,1046059.7968968378
948,0.125,-0.105,10000,10000.0,1044525.7590141371,1044525.7590141371
949,0.125,-0.103,10000,10000.0,1043010.5620806428,1043010.5620806428
950,0.125,-0.101,10000,10000.0,1041514.5527491572,1041514.5527491572
951,0.125,-0.099,10000,10000.0,1040038.0844810375,1040038.0844810376
952,0.125,-0.097,10000,10000.0,1038581.5174912965,1038581.5174912966
953,0.125,-0.095,10000,10000.0,1037145.2186733173,1037145.2186733172
954,0.125,-0.093,10000,10000.0,1035729.5615016527,1035729.5615016527
955,0.125,-0.091,10000,10000.0,1034334.9259113395,1034334.9259113395
956,0.125,-0.089,10000,10000.0,1032961.698152129,1032961.6981521291
957,0.125,-0.087,10000,10000.0,1031610.2706160203,1031610.2706160203
958,0.125,-0.085,10000,10000.0,1030281.0416364697,1030281.0416364695
959,0.125,-0.083,10000,10000.0,1028974.4152576642,1028974.4152576643
960,0.125,-0.081,10000,10000.0,1027690.8009722559,1027690.8009722559
961,0.125,-0.079,10000,10000.0,1026430.6134260002,1026430.6134260002
962,0.125,-0.077,10000,10000.0,1025194.2720877887,1025194.2720877887
963,0.125,-0.075,10000,10000.0,1023982.2008836474,1023982.2008836474
964,0.125,-0.073,10000,10000.0,1022794.8277933575,1022794.8277933575
965,0.125,-0.071,10000,10000.0,1021632.58440849,1021632.5844084901
966,0.125,-0.069,10000,10000.0,1020495.9054507714,1020495.9054507716
967,0.125,-0.067,10000,10000.0,1019385.228249885,1019385.2282498849
968,0.125,-0.065,10000,10000.0,1018300.9921799947,1018300.9921799946
969,0.125,-0.063,10000,10000.0,1017243.6380545214,1017243.6380545214
970,0.125,-0.061,10000,10000.0,1016213.6074789386,1016213.6074789386
971,0.125,-0.059,10000,10000.0,1015211.342161654,1015211.342161654
972,0.125,-0.057,10000,10000.0,1014237.2831833491,1014237.2831833491
973,0.125,-0.055,10000,10000.0,1013291.8702254905,1013291.8702254905
974,0.125,-0.053,10000,10000.0,1012375.5407591013,1012375.5407591013
975,0.125,-0.051,10000,10000.0,1011488.7291952648,1011488.7291952646
976,0.125,-0.049,10000,10000.0,1010631.865999255,1010631.865999255
977,0.125,-0.047,10000,10000.0,1009805.3767706197,1009805.3767706198
978,0.125,-0.045,10000,10000.0,1009009.6812919892,1009009.6812919892
979,0.125,-0.043,10000,10000.0,1008245.1925498414,1008245.1925498414
980,0.125,-0.041,10000,10000.0,1007512.3157309184,1007512.3157309184
981,0.125,-0.039,10000,10000.0,1006811.4471984414,1006811.4471984414
982,0.125,-0.037,10000,10000.0,1006142.9734527292,1006142.9734527293
983,0.125,-0.035,10000,10000.0,1005507.270081248,1005507.2700812479
984,0.125,-0.033,10000,10000.0,1004904.7007035341,1004904.7007035341
985,0.125,-0.031,10000,10000.0,1004335.6159168018,1004335.6159168018
986,0.125,-0.029,10000,10000.0,1003800.3522483793,1003800.3522483794
987,0.125,-0.027,10000,10000.0,1003299.2311213999,1003299.2311213998
988,0.125,-0.025,10000,10000.0,1002832.5578403994,1002832.5578403993
989,0.125,-0.023,10000,10000.0,1002400.6206036266,1002400.6206036266
990,0.125,-0.021,10000,10000.0,1002003.689548962,1002003.689548962
991,0.125,-0.019,10000,10000.0,1001642.015840351,1001642.015840351
992,0.125,-0.017,10000,10000.0,1001315.830801575,1001315.830801575
993,0.125,-0.015,10000,10000.0,1001025.3451040367,1001025.3451040367
994,0.125,-0.013,10000,10000.0,1000770.7480149753,1000770.7480149753
995,0.125,-0.011,10000,10000.0,1000552.2067122017,1000552.2067122017
996,0.125,-0.009,10000,10000.0,1000369.865671018,1000369.865671018
997,0.125,-0.007,10000,10000.0,1000223.8461284882,1000223.8461284881
998,0.125,-0.005,10000,10000.0,1000114.2456296377,1000114.2456296377
999,0.125,-0.003,10000,10000.0,1000041.1376595217,1000041.1376595217
1000,0.125,-0.001,10000,10000.0,1000004.5713643869,1000004.5713643869
